,youtubeVideoId,hashTags
0,1op92ojA6q0,['#quadrant']
1,vwSqpaQMmcs,['#ed-multiplication']
2,ptS2pAdBUjY,['#binomialDistribution']
3,yNFHFhJ6VS0,"['#arc', '#geometry', '#measure']"
4,RU0wScIj36o,['#fractal']
5,K79w3OpKako,['#scatterPlot']
6,CdtDU0nt4iQ,['#convertFractionsToDecimals']
7,3DIqvNjChpY,['#similarTriangles']
8,qYAdXm69l8g,['#pendulum']
9,EedbUsApuos,['#polygon']
10,Ue1_s85G0JU,"['#equivalentFractions', '#simplifyFractions']"
11,C82JyCmtKWg,['#random']
12,SBvUMjuxf1o,"['#reciprocal', '#inequality']"
13,lOWXZFP8Vuc,['#parallelLines']
14,6dZLq77gSGU,['#mod']
15,YokKp3pwVFc,['#circleArea']
16,8RRo6Ti9d0U,"['#factorial', '#combination', '#permutation']"
17,S9JGmA5_unY,"['#cryptography', '#cryptocurrency']"
18,3h4UK62Qrbo,"['#compositeNumber', '#factor', '#primeFactor', '#primeNumber']"
19,lOIP_Z_-0Hs,['#fibonacciNumber']
20,ZQ-NRsWhOGI,['#quadraticequation']
21,Ay0B6Kh9Y3Q,['#fractionalExponent']
22,Yajonhixy4g,"['#triangle', '#equilateralTriangle', '#equilateral']"
23,BTyzE-NDga8,['#rubiksCube']
24,xpk2mvZX2Ms,"['#perimeter', '#rectangleArea']"
25,F6zcGSY15Vw,"['#arithmeticMean', '#centralTendency', '#median']"
26,Guf49aOi0SQ,"['#similarTriangles', '#angleAngleSimilarTriangles']"
27,TFRHhcd986c,['#parabola']
28,h6OSBOdaLfI,['#naturalLog']
29,UHkueFmPC6s,['#arithmeticsum']
30,HlEx1TN-dqY,['#decimalArithmetic']
31,HUti6vGctQM,['#correlation']
32,oc0M1o8tuPo,['#zeroDividedByZero']
33,CA9XLJpQp3c,['#fraction']
34,uR70knMr2Hg,['#union']
35,AAY1bsazcgM,['#perimeter']
36,lYLaaMObgkw,['#deductiveReasoning']
37,0r3cEKZiLmg,['#pi']
38,8dKQLDcA8QA,"['#volume', '#crossSection']"
39,ZElOxG7_m3c,['#lawofcosines']
40,IJhNPpOj7r8,['#circumcenter']
41,KGMf314LUc0,['#division']
42,ZqbdVbkbrww,['#algebra']
43,8HJ9jWmkyuU,['#congruence']
44,oPXGb6G3TDs,"['#evenNumbers', '#division', '#operation', '#oddNumber']"
45,sD0NjbwqlYw,['#unsolvedProblems']
46,MEuPzvh0roM,['#complexNumber']
47,V8_AcKoL2Fs,['#globalMathProject']
48,FrfFeUnunGk,['#primeNumber']
49,jKFqAHfWw50,['#angleAngleSideCongruentTriangles']
50,e7lbCq1ONtQ,['#complexDivision']
51,RCHe6fCHMuU,['#polygonArea']
52,kG4Fh_PrN-E,['#dice']
53,s4tS-ZmpJfw,"['#symmetry', '#rotation']"
54,aircAruvnKk,['#artificialIntelligence']
55,HI5dTLL1r4c,['#polygon']
56,Gl-aQ-TBZZs,"['#rotation', '#congruence']"
57,sULa9Lc4pck,['#power']
58,iPLQgXUiU14,"['#combination', '#sequence']"
59,Re0s1NPZ4ek,['#analyticgeometry']
60,BKOf_xBtgCk,['#perimeter']
61,4TBVB4hLQhY,"['#mixedNumber', '#fractionAddition']"
62,ghJH4CtbBT4,['#benfordsLaw']
63,IaQwWINzjtA,['#harmonicMean']
64,SZ5IGSDgpzk,['#orthocenter']
65,vo20OcefwHc,"['#discontinuousFunction', '#asymptote']"
66,aNrO5jLAV5g,['#multiplication']
67,vIsDjbhbADY,['#benfordsLaw']
68,HSpSQQNVosA,"['#function', '#oddFunction', '#trigonometry', '#evenFunction']"
69,cwnt4fB8KdI,"['#sphereVolume', '#sphere']"
70,1-XmMhOIgaA,['#frequencyDistribution']
71,Vtz32adSl1Q,['#fractionAddition']
72,otIjqzKlnXc,['#distanceFormula']
73,Y1V5mZaMfTk,['#convertFractionsToDecimals']
74,vKG6xNPQWHw,['#ed-polynomials']
75,gGf7kFBzC48,['#graphOfFunction']
76,257TGWmxSv8,['#weightmeasurement']
77,Ktfo8D3cCr0,"['#awesomeVideos', '#mobiusStrip']"
78,JeVSmq1Nrpw,['#percent']
79,T0a92gEDukY,['#terms']
80,OmJ-4B-mS-Y,['#mathResearch']
81,LqKpkdRRLZw,['#unsolvedProblems']
82,Fqq10lt9X-M,['#ed-bases']
83,_o0cIpLQApk,['#1729']
84,8vhKBhhOMzE,['#compareDecimals']
85,m-5CDVdglp4,['#symmetry']
86,w0jRJP-_7Us,['#systemOfEquations']
87,SP-YJe7Vldo,['#complexnumbers']
88,T7_m8lT-ecc,['#compositeNumber']
89,5yecNfFyvF8,"['#parabola', '#graph', '#graphOfFunction']"
90,XZRQhkii0h0,['#exponent']
91,3OJ-7uvlqAA,['#noTag']
92,3_VydFQmtZ8,['#topology']
93,TFCQW8M15mw,"['#completeSquare', '#quadraticEquation']"
94,sOb9b_AtwDg,['#variance']
95,fh8gkPW_6g4,['#rounding']
96,JVGSKnKwIsc,"['#quadraticEquation', '#discriminant']"
97,cr6W4O78Y6c,"['#chainRule', '#derivative']"
98,1CiBuN6qraY,"['#systemOfEquations', '#graphOfFunction']"
99,9iulv2QvKwo,"['#kilometer', '#units']"
100,alprjOchyEY,['#primeNumber']
101,IIQPHC5gZT8,['#scientificNotation']
102,Igrkz1iVBXc,"['#heronsFormula', '#formula']"
103,PMakVCTQYh8,"['#tangent', '#ratio', '#similarTriangles']"
104,rXZcYHVwkqI,['#quadrilaterals']
105,OKUVvAaCv_0,"['#reciprocal', '#fractionDivision', '#division']"
106,AzTIbgUxga8,['#vivianiTheorem']
107,qrvcWgdkGi8,['#arithmeticSum']
108,k_wJsio68D4,['#unitcircle']
109,l2luO5eNKXc,['#factorial']
110,zV7aDRMEt9U,['#geometry']
111,4XytYH35AP0,['#rationalRootTheorem']
112,egNI5ahmhsY,['#independentEvents']
113,9_VCk9tWT0Y,['#expression']
114,1wnIsgUivEQ,"['#induction', '#arithmeticSum']"
115,uC09taczvOo,"['#compareFractions', '#numberLine']"
116,izdZPx89ph4,['#erdosMathematician']
117,N0chS7qYj0Y,['#fractions']
118,UCigSz7yQpc,['#transversal']
119,b_uvofsYl9s,['#voronoiDiagram']
120,i7idZfS8t8w,['#quadraticformula']
121,xjCnmPvcmOo,['#fractionalExponent']
122,HxEQxS0QSwg,['#percent']
123,5Mf0JpTI_gg,"['#geometry', '#symmetry']"
124,j9PXeNcoagw,['#gameTheory']
125,BWfDKHHZR2A,['#fractionDivision']
126,t2qskEuDLRw,"['#polygon', '#equiangular']"
127,Kp2bYWRQylk,['#mathematicalNotation']
128,P-oFpsQlt-A,['#independentEvents']
129,d0vY0CKYhPY,['#fractal']
130,py5byOOHZM8,['#artificialIntelligence']
131,6saYBeHzArE,"['#congruentTriangles', '#congruence']"
132,O8ezDEk3qCg,['#needsTag']
133,HNlpx7v7T5g,['#zeroPower']
134,C6kn6nXMWF0,['#dimension']
135,k3aKKasOmIw,"['#arithmeticMean', '#modeInStats', '#median']"
136,8howrlJVyxw,['#parentFunction']
137,KqFWHdaDyXM,['#remainder']
138,JnpqlXN9Whw,"['#negativeExponent', '#exponent']"
139,86iU3fypTd4,['#congruence']
140,IFqna5F0kW8,"['#induction', '#proof']"
141,kmVfZ9o-2gg,"['#equivalentFractions', '#percent']"
142,To_HvVM-ECE,['#surd']
143,WYijIV5JrKg,['#limits']
144,5sKah3pJnHI,['#root2']
145,Rcb7ZUTOQ1I,"['#circumference', '#circleCircumference']"
146,pyftYzmOwr4,['#heronsFormula']
147,2h8XiqSnzaU,['#improperFraction']
148,JGFSEj-oxq4,"['#rationalFunction', '#graphOfFunction']"
149,0Be_6Qaq1es,['#calculus']
150,AYnJv68T3MM,"['#probability', '#random']"
151,kCW3v5RMTZg,['#cubicUnit']
152,DyG9S9nAlUM,['#noTag']
153,cA6-tXehGFs,['#speed']
154,lwQsaYBPRbE,['#inverse']
155,w9Pj48Pn2XU,"['#convertDecimalsToFractions', '#terminatingDecimal', '#improperFraction', '#repeatingDecimal', '#rationalNumber', '#nonTerminatingDecimal']"
156,sg-7bRPt_fQ,"['#radius', '#circle', '#chord', '#diameter']"
157,Mst8iZjIpFE,['#decimal']
158,3wjLGV9ibII,['#sideSideSideCongruentTriangles']
159,UkjgJQaGx98,"['#graphOfFunction', '#limits']"
160,z400r4gCoU4,"['#ellipse', '#curveSketching']"
161,t-ZtoNhEYWQ,['#equilateralTriangle']
162,QKHKD8bRAro,"['#primeNumber', '#unsolvedProblems']"
163,zqduFg0s5Q4,['#weightmeasurement']
164,E9_d_ET9yjI,['#trigonometry']
165,52tpYl2tTqk,['#function']
166,nJqyr8h22nY,"['#positiveNumber', '#negativeMultiplication', '#negativeNumber']"
167,gSEYtAjuZ-Y,"['#statistics', '#histogram']"
168,dWXIx5Th86s,"['#spaceDiagonal', '#cube']"
169,e4MSN6IImpI,['#treeDiagram']
170,zPCljb4rpcQ,['#sectorArea']
171,mDwN1SqnMRU,"['#graphOfFunction', '#quadraticEquation', '#graph']"
172,mt6Nq0dzFjo,"['#rate', '#averageVelocity']"
173,w4zqR7GhrqQ,"['#pythagorasTheorem', '#isoscelesTriangle']"
174,VBinUUGwB2I,['#cosine']
175,PNYzQypZr-g,"['#geometry', '#midpoint']"
176,DGKwdHMiqCg,"['#straightAngle', '#supplementaryAngles', '#complementaryAngles', '#rightAngle', '#obtuseAngle', '#acuteAngle', '#angle']"
177,sG_6nlMZ8f4,"['#arc', '#circle']"
178,AYOB-6wyK_I,"['#fibonacciNumber', '#riddlesAndChallenges', '#boardGames']"
179,Nu6QUnlH79U,"['#trigonometry', '#graphOfFunction', '#graph']"
180,thrx3SBEpL8,['#binary']
181,_qyVzH3e1dY,['#differenceOfSquares']
182,WipYqupv9wY,['#factoringTrinomials']
183,z1iN_fD4UCg,['#absoluteValue']
184,PJHtqMjrStk,['#squareRoot']
185,7xovCxIfDGE,"['#polygonInteriorAngle', '#polygon']"
186,xa39G3aNPfo,"['#sample', '#normalDistribution']"
187,-h3Oqhl8fPg,['#longMultiplication']
188,-LGnjhQaJSw,['#rationalFunction']
189,I6TBBzIvgB8,['#expression']
190,hbhh-9edn3c,['#pythagorastheorem']
191,cLP7INqs3JM,"['#rationalNumber', '#irrationalNumber']"
192,JMjE9UTXioQ,['#ed-addition']
193,paQ10POrZh8,"['#hexagon', '#games']"
194,LsXKJkmPmZM,"['#ray', '#lineSegment', '#line']"
195,fxTsG4qkz1U,['#cylinderVolume']
196,dUhleJQ6QV4,['#geometricMean']
197,HKQKjbdYNkA,"['#farenheitScale', '#celsiusScale']"
198,JJZDgjFRPXo,['#degree']
199,bibPvcyNbdM,['#centralAngle']
200,KtT_cgMzHx8,['#probability']
201,Sl7E2m84Pf4,['#determinant']
202,VZ0jG3W53nE,['#distributiveProperty']
203,Q4ihOCocaVw,['#computerScience']
204,NECjlQYjo4s,['#hexagons']
205,DKh16Th8x6o,['#cubeRoot']
206,mL91a26bsiY,"['#sphereVolume', '#sphere', '#sphereArea']"
207,GWtlt3Rq2SU,['#thirtyDegreesAngle']
208,D269kESwjNU,['#equivalentExpressions']
209,8wqx5FOsSKg,['#symmetry']
210,RWbLzSMe_Uw,"['#surfaceArea', '#sphere', '#sphereArea']"
211,X1E7I7_r3Cw,"['#pythagorasTheorem', '#root2', '#irrationalNumber']"
212,3EB75Dy4dFE,['#convertPercentToDecimal']
213,0MiWMY0OlvI,['#cubeRoot']
214,2M9w79Y5Wn0,['#ed-addition']
215,1E4GUE1har0,['#rounding']
216,VbtNy54ya9A,['#benfordsLaw']
217,RYlD3TElQyw,['#weightedMean']
218,-Liq8hlGeOk,"['#divisibility8', '#divisibility4']"
219,gB9n2gHsHN4,"['#dimension', '#fractal']"
220,9Uc62CuQjc4,"['#cartesianPlane', '#coordinate', '#graphOfFunction', '#axis']"
221,jnxCLjgVY8Q,['#triangleInequality']
222,IHZwWFHWa-w,['#artificialIntelligence']
223,0A83skSAxKI,"['#kilogram', '#measurement', '#weightMeasurement']"
224,Dgcoa2yAUfw,['#harmonicSeries']
225,593w799sBms,['#unitcircle']
226,DrNns2fsRKw,"['#geometry', '#trapezoid', '#pythagorasTheorem', '#rectangle']"
227,NB8dr9FjuxQ,['#riddlesAndChallenges']
228,NjpFjLo0QQc,['#lcm']
229,VWHHZAszbzQ,['#trinomial']
230,gNqmI0f16QI,"['#perimeter', '#rectangleArea']"
231,QLGATwUoAXA,['#sphereVolume']
232,4G_FmNm4BS0,"['#surfaceArea', '#triangularPrism', '#rectangularPrism']"
233,CaasbfdJdJg,"['#continuedFractions', '#irrationalNumber']"
234,IidwVzW4rTA,['#log']
235,dbxJ6LD0344,"['#complexConjugate', '#complexMultiplication']"
236,z3rUn1Urj4Y,['#parabola']
237,4F6cFLnAAFc,['#fractionalExponent']
238,y5yNi08cr6I,['#parallelLines']
239,0FezL36hK4E,"['#pascalTriangle', '#number']"
240,Kgudt4PXs28,['#probability']
241,QIO2F_R4btA,['#rhombus']
242,xz6gBA0M9FY,['#trianglearea']
243,ygey0KMxIIc,"['#triangularPrism', '#pyramid']"
244,1otVf_HXLN8,['#triangleMedian']
245,QXoQbWoIiRE,['#density']
246,NjCIq58rZ8I,['#partition']
247,mA2TT0NkRR0,['#centroid']
248,1pSD8cYyqUo,['#binomialTheorem']
249,pZEmFSP3Z0I,"['#commonDenominator', '#lcm', '#fractionAddition']"
250,kspg_cObO1s,"['#cuboidVolume', '#cubeVolume']"
251,wPZIa3SjPF0,['#quadrilaterals']
252,cIVpemcoAlY,"['#unitCircle', '#sine', '#cosine', '#trigonometry']"
253,IDpnNnjFB1c,['#polynomials']
254,P0idBBhGNgU,['#ramanujan']
255,Mn5NodgWUgw,['#square']
256,DxxM4e2X-3s,['#decimalArithmetic']
257,pSTa8a36RCU,['#ellipse']
258,0JW9P_T4P_Y,['#equivalentFractions']
259,FXgV9ySNusc,"['#rationalFunction', '#polynomialDivision']"
260,KXZ6w91DioU,['#circumcenter']
261,O4ndIDcDSGc,['#godelMathematician']
262,jFazrvLodrA,"['#evenNumbers', '#function', '#oddNumber']"
263,5ywif1Zpeo4,['#formula']
264,--LkIupj0jI,['#timedistancespeed']
265,e15GF1af6VA,['#geometricMean']
266,MvA2QP5r9Xw,"['#divideByZero', '#zeroDividedByZero']"
267,lXwQEhu410c,['#curveFitting']
268,S3IEeCyUWWA,"['#algebra', '#exponent']"
269,lI5NK7WKQOQ,['#angle']
270,39OHW0nYfN0,['#circumference']
271,4PXDhTqDDxs,['#timedistancespeed']
272,3LPy1--FJ9I,['#twinPrimes']
273,xCdxURXMdFY,['#area']
274,ineO1tIyPfM,"['#measure', '#distanceFormula', '#pi']"
275,TeE-ypKj8ZI,['#binomialTheorem']
276,ywJifQBqdWg,['#unsolvableEquations']
277,5xtXAsR-fRQ,['#equivalentFractions']
278,yMzNaqdxiZY,['#deductiveReasoning']
279,2dbasvm3iG0,"['#commonDenominator', '#compareFractions']"
280,y2RHWA7t0WM,['#units']
281,8hhewFQ_K0w,['#inequalities']
282,RAdTpC51nSE,"['#arcLength', '#sector', '#radians']"
283,tuvwyrIbQ6Q,['#quotient']
284,LvByEdtMm3o,['#parentFunction']
285,4lkq3DgvmJo,['#fractionDivision']
286,Vr1XlSra2uM,['#odds']
287,7v1koVqwXK4,"['#graphOfFunction', '#hyperbola']"
288,AmN0YyaTD60,['#hexagon']
289,y4B_EC5MNS8,"['#matrix', '#inverse']"
290,O7hsq9de_40,['#adjacentAngle']
291,QuX4XrmIsHQ,['#reciprocal']
292,pLInn6DZvo4,['#circleArea']
293,28XOttw3Brs,['#antiderivative']
294,fjMU-km-Cso,['#computerScience']
295,IGlGvSXkRGI,['#fractal']
296,yYxzq_O18Mg,"['#geometricSum', '#infiniteSeries']"
297,ijbuU75wiVo,['#probability']
298,ZtPsWriHwa8,"['#sequence', '#arithmeticSum']"
299,UH0HuxtBhEM,['#variable']
300,rVF_08ItvOU,['#chess']
301,1m9p9iubMLU,['#unitcircle']
302,eMPspP_Rkio,"['#modeInStats', '#median', '#arithmeticMean', '#centralTendency']"
303,SynLB0z7k2A,['#ed-unusual']
304,Y6x06SBbEcA,['#rationalFunction']
305,hcYYmpUIjQQ,['#multiplyBinomials']
306,oydj9zMLjIE,['#absoluteValue']
307,p-0SOWbzUYI,"['#pythagorasTheorem', '#proof']"
308,bv-X0TiVuBQ,['#rationalFunction']
309,ctC33JAV4FI,"['#primeNumber', '#contradictionProof']"
310,bf7zXiPyczQ,['#lineSegment']
311,V7mECV0M1ys,['#complexNumber']
312,LzjaDKVC4iY,"['#ramanujan', '#1729']"
313,o_SeNKNnaBw,"['#rectangle', '#rectangleArea']"
314,T5Qf0qSSJFI,['#placeValue']
315,-imFslMIN1g,"['#mixedNumber', '#improperFraction']"
316,6nSfJEDZ_WM,['#goldenRatio']
317,JPlnjLLXe2M,['#globalMathProject']
318,HdU_rf7eMTI,['#longDivision']
319,9ubEYX7raoM,['#chord']
320,0vhZS5CPsyI,"['#surfaceArea', '#sphereVolume']"
321,fs7fz3MLpC8,['#logic']
322,NybHckSEQBI,['#algebra']
323,2_NZ1ql8B8Y,['#scutoid']
324,ku4KOFQ-bB4,['#baserepresentationofnumbers']
325,spUNpyF58BY,['#fourierAnalysis']
326,S2ec2wpYJ_0,['#paperFolding']
327,hKkBlcnU9pw,['#absoluteValue']
328,s6AOu2tqPQE,['#growthFactor']
329,VrkQKiCqryk,['#growthFactor']
330,AqW7HpbxH8U,"['#ed-decimals', '#ed-irrational']"
331,A8NoBcYQJ1U,['#coterminalAngles']
332,v-6MShC82ow,['#distributiveProperty']
333,XMJ72mtMn4Y,"['#intersection', '#intersectingLines']"
334,68enNRhFORc,"['#function', '#oddFunction', '#trigonometry', '#evenFunction']"
335,GvCfD-8vWM0,['#ed-infiniteSums']
336,oi2mrzVu0AE,"['#numericalAnalysis', '#derivative']"
337,gsYEe-JxS5k,"['#power', '#exponent']"
338,FMYKfATSnoc,['#cardTricks']
339,bxHbMiTTNag,['#rectangleArea']
340,7cBRXayBNr4,"['#longDivision', '#fastCalculation']"
341,ZiTGmF4LqhY,['#arccos']
342,qDc_-GTipBk,"['#fraction', '#fractionArithmetic']"
343,uf2ChRpFTZk,['#vivianiTheorem']
344,IF0p1GhJE78,['#ed-decimals']
345,-u-O_2Hz82I,['#mobiusStrip']
346,83ofi_L6eAo,['#tau']
347,b8EQnQ0SPYs,['#dodecahedron']
348,GEuyDHMG0jY,"['#fastCalculation', '#square']"
349,UPA3bwVVzGI,['#infinity']
350,Uf-Rl1e2I4Q,['#percent']
351,Ka82QC4QvGA,['#quadrilaterals']
352,WkmPDOq2WfA,['#music']
353,KCnbsR7nWyI,"['#circle', '#polygon']"
354,E9GpfHQcdBg,['#binomialDistribution']
355,9Xy-Bbzvlls,['#ed-polynomials']
356,O4LVAGV8tok,['#noTag']
357,kvLjpQ0XGao,['#longMultiplication']
358,xP0q3WOBRks,['#logic']
359,DhPtIf-hpuU,['#numberTheory']
360,0YErxSShF0A,['#compoundInequality']
361,vxHrfIom-YA,['#divisibility7']
362,cCsjKuvFKnw,['#fortyFiveDegreesAngle']
363,bvglHQk-Ygs,['#ed-basics']
364,GyN-qpVfOWA,['#statistics']
365,PwDnpb_ZJvc,"['#zeroPower', '#power', '#exponent']"
366,Swm8tTLWirU,['#transcendental']
367,80LA3zcmabY,['#externalAngle']
368,tsTItgnbqSk,['#thirtyDegreesAngle']
369,odfhFSnLaaw,['#pythagorasTheorem']
370,L-jh5fVhKuQ,"['#reflexAngle', '#obtuseAngle', '#straightAngle', '#acuteAngle', '#rightAngle', '#angle']"
371,9XidOM0a4p8,"['#volume', '#area']"
372,37SZqzfRKGg,"['#radius', '#circle']"
373,j5jkWFy323U,['#polygon']
374,fDMxOiS5g7k,['#equation']
375,WgW_KwtBvro,['#circleCircumference']
376,bbxO4HdCW5A,"['#circumscribedCircle', '#inscribedCircle']"
377,ypp-ex99Sso,['#histogram']
378,k37eIFf24fk,['#ellipse']
379,F-wVOsbR1Zw,['#bearing']
380,0mKmYxuMirE,['#similarTriangles']
381,Lp6t3PyT-Cg,['#rightTriangle']
382,7XgjqkvKHRQ,['#gcd']
383,SfbjqVyQljk,['#complexAddition']
384,ViuCmrmjDBA,['#functionOperations']
385,AMWLONeZmbo,['#radian']
386,ZNiRzZ66YN0,['#experimentsToDeterminePi']
387,XMriWTvPXHI,['#pascalTriangle']
388,9xSgKqTxZbg,['#ellipse']
389,3xyYs_eQTUc,['#transcendental']
390,6wFTvYswogA,"['#triangleArea', '#triangleHeight']"
391,iwo7JReFTeg,['#mobiusStrip']
392,CzghDI_6Gqs,['#divisability11']
393,otzb_GkRiqQ,"['#externalAngle', '#internalAngle']"
394,d4KBMxwj5yQ,['#ed-division']
395,k5etrWdIY6o,"['#point', '#line']"
396,BHtE3JyZ-UQ,['#terms']
397,gK9OgZ6eLx0,['#cylinderArea']
398,6dUuBXV1drA,['#data']
399,W-6hxPVzwA8,"['#arithmeticMean', '#riddlesAndChallanges']"
400,V3uNDe_i_1Y,['#cardTricks']
401,_7sRiRxRhVQ,['#goldenRatio']
402,8M0KwcND6a4,['#speed']
403,BKh3gk4j0zA,['#ratio']
404,Wc5guJLDDqs,['#externalAngle']
405,dAgfnK528RA,['#orderOfOperations']
406,seUU2bZtfgM,['#transcendental']
407,1I2IOx_x408,['#piecewiseFunction']
408,JutzksM5PN4,['#inverseTrigFunctions']
409,FEPXaoNVC-0,['#stickMultiplication']
410,h5XXu1tijXo,['#simplifyRadical']
411,AGFO-ROxH_I,['#measurement']
412,y9IKpjK93rg,['#fractionDivision']
413,EFVrAk61xjE,['#approximation']
414,ZUQ44XHkTPU,['#circumcenter']
415,6o_S7u7Ddx4,['#vector']
416,x8-3OlB3G0M,['#series']
417,UClsMpLG_mg,['#set']
418,UuxsRlnXm0M,['#straightAngle']
419,tWRwgokr5uI,['#centralAngleTheorem']
420,PgxIad4c1ZI,['#prismVolume']
421,awUUQAISrxg,['#perimeter']
422,XXjlR2OK1kM,['#benfordsLaw']
423,y8DF4GxgiBs,"['#kilogram', '#weightMeasurement', '#measurement', '#convertGramsToKilograms']"
424,LglTy96144c,['#divideByZero']
425,n-v6pmZzxL0,['#algorithm']
426,N4kDzoQOngY,['#convertPercentToDecimal']
427,SIHFCPoFbIs,['#inscribedAngle']
428,DTUV5W0oh54,['#convertPoundsToGrams']
429,udxwP26gTwA,['#proof']
430,v03ndkXqAPQ,['#ed-subtraction']
431,8gSRDfSu9wo,['#intersectingLines']
432,kwh4SD1ToFc,['#decimalArithmetic']
433,SG1bGeP8OP8,"['#addition', '#fastCalculation']"
434,T-aCweuimis,['#parallelLines']
435,JmyLeESQWGw,['#numberLine']
436,ylwq3All8ho,['#fourColorTheorem']
437,s0IOtwKMaEQ,['#cylinderVolume']
438,psvYu7S-8NU,"['#domainRestriction', '#inverse']"
439,xBJuf6Yvm3I,['#negativeNumber']
440,5Yy_unGaD-w,['#combinatorics']
441,_WXndBGQnyI,['#weightmeasurement']
442,ECJfSyg_Obo,['#rectanglearea']
443,EbCnJjUzXX8,"['#functionRange', '#functionDomain']"
444,2flgolt6zsw,['#ed-subtraction']
445,_DBllkBoErY,['#trigonometry']
446,g3LrOw1JMi8,"['#functionDomain', '#functionRange', '#range', '#graph', '#graphOfFunction']"
447,YeGATHHzNPA,"['#parallelLines', '#co-interiorAngles']"
448,Yr53Ji4SZDg,"['#coneVolume', '#cylinderVolume']"
449,MG6gdBqQoYA,['#ed-beyond']
450,GtaoP0skPWc,['#compoundinterest']
451,WRsAQpFoEg0,['#lawOfCosines']
452,Pj8Zh0A-uLU,['#scalar']
453,qyTFvx_ZVOs,['#convertDecimalsToFractions']
454,r9LYqfqssS0,['#rationalFunction']
455,-ZzgW3nf4Ls,"['#commonFactor', '#gcd']"
456,qAs50nzzrP4,['#trapezoidArea']
457,m5C8tIE2hv0,['#inscribedAngle']
458,imcooZyo4vE,['#doubleFactorial']
459,zanbFvLN3Go,"['#chainRule', '#derivative']"
460,e0Fgyca6WCw,"['#cylinderArea', '#optimization', '#cylinderVolume']"
461,w7--f3Jf-vo,['#measurement']
462,ebEkn-BiW5k,['#simpsonsParadox']
463,AALwyB5KSjs,['#fractionArithmetic']
464,do_IbHId2Os,['#convertFractionsToDecimals']
465,N-Y0Kvcnw8g,"['#commonDenominator', '#fractionAddition']"
466,klkBxP3CZiE,"['#sphereVolume', '#sphere', '#sphereArea']"
467,sy_2fpY5x7w,['#multiplyBinomials']
468,Zvg_ahjd9EI,['#hemisphere']
469,d614Wg3EjqI,"['#negativeNumber', '#positiveNumber']"
470,J8rk1d2_Edw,['#event']
471,HIELx5sm5k0,['#cone']
472,ENKH97PYssg,"['#commutativeOperation', '#multiplication']"
473,4Y9D0v0x4H8,"['#centralAngle', '#arc', '#isoscelesTriangle']"
474,55G8037gsKY,['#quadraticequation']
475,TpiVThfRl0I,['#union']
476,Lvr2YsxG10o,['#percent']
477,q4vEI4mk8g0,['#fractionDivision']
478,M7e-LByl_68,['#area']
479,s7NKLWXkEEE,"['#point', '#plot']"
480,YS2K2SpvVIA,['#externalAngle']
481,hB6bfw622fo,['#globalMathProject']
482,-y1Ob0K63hc,['#geometricSum']
483,GIMMX55C9iU,"['#quadrant', '#angle']"
484,MaXfdPOheCA,['#surd']
485,bU93aSJKMGw,"['#statistics', '#normalDistribution']"
486,6RMN5Pf1fHU,['#transversal']
487,0lvT7eF3Zks,['#angle']
488,fyOKqQKpOvM,['#trapezoid']
489,y8acoaakvPM,['#root']
490,wuirukH_rg4,['#protractor']
491,H18pyUN4U1M,['#polygon']
492,ngUyyFd86FQ,['#montyHallProblem']
493,LPgAK7whEuw,"['#divisibility', '#divisibility7']"
494,O3jvUZ8wvZs,['#radians']
495,WcN2IW5VI5U,['#rubiksCube']
496,G2hsSMhCgAY,['#mobiusStrip']
497,sWgHtiTSywc,['#convexity']
498,i_0DXxNeaQ0,['#frequency']
499,HKQbhpIwjrU,['#cotan']
500,IaoZhhx_I9s,['#polygon']
501,mxBoni8N70Y,['#graphOfFunction']
502,MPYNEYeLYaQ,['#polygon']
503,O8uXcewZJlw,['#measureAngles']
504,Z6cwpsDC_5A,"['#graphOfFunction', '#hyperbola']"
505,kISbq2p8ZOs,['#orderOfOperations']
506,3sjUOQLhsRY,['#trinomial']
507,07DxrU5ZCEc,"['#maximum', '#minimum']"
508,4LYtLMmDuzw,"['#mixedNumber', '#fractionSubtraction']"
509,-QHff5pRdM8,['#numbers']
510,x8lx6AGnTXE,['#ed-bases']
511,wCyC-K_PnRY,"['#fractal', '#dragonCurve']"
512,jYf1kHEFAJ0,['#variance']
513,NY2zWGBXBhU,['#statistics']
514,lmVxsjIbJhE,"['#optimization', '#rectangleArea']"
515,Ce64D_yGDvY,['#cylinder']
516,co5sOgZ3XcM,['#sequence']
517,9IUI3jtSEWU,"['#correspondingAngles', '#similarity']"
518,34tf3xSVKbw,['#discriminant']
519,SxP30euw3-0,['#random']
520,mkyZ45KQYi4,['#probability']
521,ua1K3Eo2PQc,['#numberTheory']
522,NajQEiKFom4,['#music']
523,D6-lt-XgoG8,"['#ratio', '#proportion']"
524,MjAcASWqZS4,['#expression']
525,15sLPp0YvQk,['#romanNumerals']
526,aet_fPvVVv0,"['#feasibleRegion', '#inequality', '#graphInequality']"
527,hPV9RZkeRq4,['#compoundInequality']
528,-N8J9R6_oqY,['#differentialEquation']
529,dz5YpNFuhRQ,['#coterminalAngles']
530,OWq4UubK1FI,['#negativeExponent']
531,qZ736F8ljYU,"['#contradictionProof', '#contradiction']"
532,vIl5F6uyMRQ,['#fortyFiveFortyFiveNinetyTriangle']
533,9CxWFKfDvxQ,['#negativeNumber']
534,gLWphGTjGHI,['#mixedNumber']
535,w8QIjk_2i2w,['#rotationalSymmetry']
536,m4CjXk_b8zo,['#unsolvedProblems']
537,nmaUyeKpwSM,['#decimalArithmetic']
538,itaMNuWLzJo,['#random']
539,XnEqfTjp66A,['#primeNumber']
540,vHYI93UV5Kg,"['#trigonometry', '#graphOfFunction', '#graph']"
541,KU-Mkz9PFOo,['#center']
542,stgYW6M5o4k,['#probability']
543,DKC74YKJpNY,['#polynomial']
544,QV9k6dRQQe4,['#rubiksCube']
545,Mdqt5EknXBg,['#dice']
546,N5vJSNXPEwA,"['#riddlesAndChallenges', '#parity']"
547,vCz_j47uK2U,['#exteriorAngleTheorem']
548,17IgK9b6P2M,"['#fraction', '#improperFraction']"
549,8Wxw9bpKEGQ,['#polynomial']
550,rX8ZBP3nXvI,"['#rate', '#rationalFunction']"
551,RaFyvZW6Epw,['#discontinuousFunction']
552,JykAGBSgCjY,['#radicalEquations']
553,l3XzepN03KQ,['#solvingEquations']
554,hmnMmkGeKPs,['#mathresearch']
555,wqnpSzEzq1w,"['#geometry', '#geometricSum', '#infiniteSeries', '#series']"
556,0nFdIrJkd5Q,"['#measurement', '#units']"
557,5d_3IEofXfY,['#montyHallProblem']
558,trOxUvdmDy8,['#units']
559,gzYk192apRw,['#probability']
560,SxMX18EniNw,['#ed-polynomials']
561,-QBJtmEVg9s,['#inscribedAngle']
562,Uq9OXC0Gzgw,"['#combinatorics', '#rectangle']"
563,9ep48wATy7s,['#equilateralTriangle']
564,3xbormMmuK4,['#geometricSequence']
565,nhtUs6D0qUk,['#algebra']
566,B0ZcAWEvjCA,"['#informationTheory', '#awesomeVideos']"
567,gNhVocsgQiE,['#exponent']
568,a4k7POs-J44,['#pi']
569,UtgAAy-XvCQ,['#convertMinutesAndSecondsToDegrees']
570,PaA-g_z_E2E,"['#sphereVolume', '#coneVolume']"
571,HMpSKjK9clA,['#pigeonHolePrinciple']
572,Dh-1POIy6CU,['#ratio']
573,IrvEHVn-fks,"['#ounce', '#weightMeasurement', '#pound']"
574,IelS2vg7JO8,['#sphereVolume']
575,nUyLnjgGumg,['#squareRoot']
576,NGztSAt5kGQ,['#rubiksCube']
577,4ywTWCaLmXE,['#proportion']
578,eVm063xmnow,['#greekLetters']
579,oYGvNlaxnbw,"['#pyramid', '#volume', '#pyramidVolume']"
580,Jni7E2RH43s,"['#unitCircle', '#sine', '#cosine']"
581,hr3UtZJF_vE,['#unitFraction']
582,Htza-E2dQSY,['#adjacentAngle']
583,BRRolKTlF6Q,['#divideByZero']
584,Y6M89-6106I,['#subtraction']
585,JgxkYThz-DA,['#extrema']
586,Uy_L8tnihDM,['#arithmeticsum']
587,1k0G-Y41jRA,"['#isoscelesTriangle', '#equilateralTriangle', '#rightTriangle', '#scaleneTriangle', '#triangle', '#acuteTriangle', '#obtuseTriangle']"
588,gS6TfWUv97I,['#latticeMultiplication']
589,g1zfBqtjh2g,['#translation']
590,DvCsRs6sSRQ,"['#angleSideAngleCongruentTriangles', '#angleAngleSideCongruentTriangles']"
591,adJhDvw4QZY,['#relatedRates']
592,V_cybADpD4U,['#gcd']
593,4vfAbIucc-8,['#random']
594,YlGbU21AcQM,['#determinant']
595,V2N7-wOm9Zw,['#conicSection']
596,eNrl-wBuPDg,"['#perimeter', '#rectangleArea']"
597,FYuA4AVoiiw,['#sixtyDegreesAngle']
598,4JcVCHQLgh4,['#units']
599,qynN6pMCsj8,"['#convertDecimalsToFractions', '#nonTerminatingDecimal']"
600,WBW32VvQr6E,['#theBaselProblem']
601,eFZOnAcuVLM,['#parabola']
602,AwzWp7mWrtg,['#compoundInterest']
603,SPM1gfc2fBE,['#externalAngle']
604,o5HSxPQoY8g,['#latticeMultiplication']
605,k1ZFZ3hTftg,['#frequency']
606,44kYhWmhJyI,"['#rotationalSymmetry', '#turn', '#rotation']"
607,xyVJZKu7Euw,['#lineFormula']
608,9xbJ3enqLnA,['#base16']
609,4LQvjSf6SSw,['#mandelbrotSet']
610,sKTKcPflcAY,"['#regularPolygon', '#pi', '#polygon']"
611,Wf-HlVqZPHY,['#scientificNotation']
612,gmimpKjIgd4,"['#evenNumbers', '#integer', '#oddNumber']"
613,LRaAxqQi42U,"['#array', '#algorithm']"
614,CwIAfkuXc5A,"['#sequence', '#riddlesAndChallenges', '#factorial']"
615,dvwf8DvNHT4,['#differenceQuotient']
616,vrjeuvHQatA,['#fibonacciNumber']
617,mgx0kT5UbKk,"['#coordinate', '#cartesianPlane', '#axis']"
618,Zxm4Xxvzohk,"['#probability', '#conditionalProbability']"
619,y12Tt3bOmKA,"['#set', '#subset']"
620,852yX-5-_N4,"['#protractor', '#degree', '#measureAngles']"
621,DvZnh7-nslo,['#rubiksCube']
622,IBIJ6tUZKK0,['#incenter']
623,1aa8gZG0L_c,['#slope']
624,q8n15q1v4Xo,['#perfectNumber']
625,jexMSlSDubM,['#polarCoordinates']
626,3jGAcpK2V7Q,['#gcd']
627,XFDM1ip5HdU,"['#infiniteSeries', '#mathResearch']"
628,M23a_RLRrbs,"['#trapezoid', '#kite']"
629,qWcfiPi9gUU,['#artificialIntelligence']
630,4Lb-6rxZxx0,"['#riddlesAndChallenges', '#probability', '#montyHallProblem']"
631,yuIX6r4tEv8,['#money']
632,97svwzwRb3c,['#radicalEquations']
633,Nu-lW-Ifyec,['#fibonacciNumber']
634,RS6qmQXP8fc,['#unitCircle']
635,IJ0EQCkJCTc,['#arithmeticSum']
636,cBBTWcHkVVY,['#informationTheory']
637,hfSj6_pkDq4,['#discontinuousFunction']
638,zXoJlRFbktw,"['#parabola', '#sphere']"
639,TErJ-Yr67BI,"['#parallelogramDiagonal', '#parallelogram']"
640,3v6mYNPyDoY,"['#standardDeviation', '#variance']"
641,o6KlpIWhbcw,['#triangle']
642,Lh5APSELKBI,['#complementaryAngles']
643,f3w7sD_S9w8,"['#arithmeticMean', '#centralTendency', '#median']"
644,qcuc3rgwZAE,['#cryptocurrency']
645,XwIs1nlDQ2I,['#vector']
646,2QMwh2dIo98,['#arcLength']
647,hqr1DtXXHpY,['#imaginaryNumber']
648,DxRdiShkw5I,"['#numerator', '#denominator']"
649,YOYQys52sPs,['#trianglearea']
650,1VSun4wX7UQ,['#segment']
651,VnWRk0jk5JM,"['#compareFractions', '#fractionSubtraction']"
652,nWy2lz-xD-Q,['#internalAngle']
653,8l-La9HEUIU,"['#integer', '#oddNumber']"
654,zR1_RSh0sgU,['#fastCalculation']
655,QR2vxfwiHAU,['#ellipse']
656,LoaBd-sPzkU,"['#area', ' #perimeter']"
657,CA8sbnH9eJE,['#squareRoot']
658,gBbHym3y_NM,['#heronsFormula']
659,y92Ea2vW5xc,['#polynomialOperations']
660,VjmFKle7xIw,['#lawofsines']
661,fYQ3GRSu4JU,['#radians']
662,7JOn2K8q6gM,"['#obtuseTriangle', '#rightTriangle', '#equilateralTriangle', '#scaleneTriangle', '#acuteTriangle', '#isoscelesTriangle']"
663,IV_m_uZOUgI,"['#arithmeticMean', '#modeInStats', '#median']"
664,gO8jx3ljWqs,"['#circleArea', '#cylinderVolume', '#circleCircumference']"
665,BiagrTl2y4o,['#triangleInequality']
666,tJ5sLuRorIM,['#eulersFormula']
667,bAerID24QJ0,['#equation']
668,dux1TBAmndM,['#ulamSpiral']
669,W_t9m1MLamw,['#convertDecimalsToFractions']
670,puku5vUCOcE,['#ratio']
671,GbfIAJV4DnU,"['#correspondingAngles', '#co-interiorAngles']"
672,JGU74wbZMLg,"['#arcsine', '#unitCircle', '#trigonometry', '#inverseTrigFunctions']"
673,CJ3mHDHOIOY,['#octagon']
674,XGbOiYhHY2c,['#primeFactorization']
675,OAoLCXpao6s,['#negativeNumber']
676,h7ZAQfNh8XA,"['#similarity', '#congruence']"
677,ai_GZnVY5Qo,"['#regularPolygon', '#apothem']"
678,iulx0z1lz8M,['#quadraticFormula']
679,wblW_M_HVQ8,['#induction']
680,JXwNu5J_-TU,['#incenter']
681,ZPv1UV0rD8U,"['#pi', '#tau']"
682,nBHKHF7zfk8,"['#prismVolume', '#crossSection']"
683,tYv-Pchyu0Y,['#perfectSquare']
684,DIjlllgq3dc,['#probability']
685,l_KW_pRkEzg,"['#cone', '#coneVolume']"
686,sJVivjuMfWA,"['#probability', '#pi']"
687,Cld0p3a43fU,['#calculus']
688,yVquId7xJQY,['#lawOfSines']
689,B1HEzNTGeZ4,"['#modeInStats', '#median', '#arithmeticMean', '#data']"
690,Smh41VANtVE,"['#sphereVolume', '#coneVolume']"
691,oFfef_cS9l8,['#money']
692,FI65V6MqETQ,"['#trigonometry', '#sine', '#cosine']"
693,eEQMNczG5K0,['#ed-division']
694,9v8Gd3E7H8s,"['#correlation', '#scatterPlot']"
695,ET2LyLsCGQE,['#polyhedron']
696,eEooTqhR7Js,['#perpendicularBisector']
697,xMj3jzFDZ38,['#fermatLittleTheorem']
698,HZVFRkEDvkQ,['#cubicUnit']
699,DuYgVVU_BwY,"['#log', '#graphOfFunction', '#graph']"
700,CcrzyOqFmTU,"['#convertKilometersToMeters', '#convertMetersToCentimeters']"
701,YNutS8eIhEs,"['#sphereVolume', '#cylinderVolume', '#coneVolume']"
702,DK5Z709J2eo,"['#infinity', '#limits']"
703,2VrXRiHxYsk,['#proportion']
704,3cdT-e-y7lM,['#associativeOperation']
705,KPZnoF0V9ZI,['#commonDenominator']
706,CiH2_YJJCRs,"['#parabola', '#graphOfFunction']"
707,8t1TC-5OLdM,"['#evenNumbers', '#zero']"
708,PhLc6B5WXtc,"['#surfaceArea', '#volume', '#prismVolume']"
709,e7JX4Rjk44g,['#numberLine']
710,ZMLFfTX615w,['#multiplyBinomials']
711,aUWUBGhAPM8,['#continuity']
712,_9NGZH-uTWE,['#absoluteValue']
713,a9kIVL-laYE,['#stemAndLeafPlot']
714,eTSVTTg_QZ4,"['#variable', '#formula']"
715,9k9xL9w7-3w,['#partition']
716,4DETMhTC0H0,['#hexagon']
717,UN0nOrs_4EY,['#skewLines']
718,04N79tItPEA,['#circle']
719,O7R63RW8iPw,['#conditionalProbability']
720,J0KKBJcSsFo,['#cubeRoot']
721,w9jEq6dmqPg,['#ray']
722,og9tGNJZf8Q,['#ed-decimals']
723,3K-12i0jclM,['#ulamSpiral']
724,bcUos5ueOhY,['#gameTheory']
725,pjFE00S6F2k,['#leastSquares']
726,CE8UhcyJS0I,['#computerScience']
727,xdEn5tiIMpQ,['#numberLine']
728,ClYdw4d4OmA,['#orderOfOperations']
729,YB1XuQ1Pc5s,['#linear']
730,tFhBAeZVTMw,['#parallelogramArea']
731,Qn8TuzrEeRo,"['#approximation', '#estimate', '#quotient']"
732,dTWKKvlZB08,"['#fibonacciNumber', '#goldenRatio']"
733,Y2-tz27nKoQ,"['#decimal', '#fraction', '#convertFractionsToDecimals']"
734,rDLDGQMKT3M,['#imaginarynumber']
735,YboycCW1uNM,['#fortyFiveFortyFiveNinetyTriangle']
736,qmfXyR7Z6Lk,['#fractionMultiplication']
737,PN-I6u-AxMg,['#chess']
738,PEMIxDjSRTQ,"['#numberTheory', '#unsolvedProblems']"
739,D2xYjiL8yyE,"['#root2', '#pi', '#limits']"
740,9hryH94KFJA,['#analyticgeometry']
741,QRS7wNhM78M,['#range']
742,Ei54NnQ0FKs,['#lawofcosines']
743,X9mtb1j21to,['#pythagoreanTriple']
744,zzPn-Op12Dc,['#dice']
745,5oHJcmYbHvA,['#integer']
746,L02RYFevH-Q,['#ed-beyond']
747,QxVlJskOJAk,['#commonDenominator']
748,G8cD5NMOMcs,"['#riddlesAndChallenges', '#algorithm']"
749,03Iyfk_dvZU,"['#rightTriangle', '#acuteTriangle', '#obtuseTriangle']"
750,rfG8ce4nNh0,"['#calculus', '#integral']"
751,XtSqJzZVnmk,['#co-interiorAngles']
752,wo7DSaPP8hQ,['#inequality']
753,47wjId9k2Hs,['#positiveNumber']
754,UQ3a2QH_-GU,['#floorFunction']
755,A8tpDsIsFyA,['#arcsine']
756,QhDDpSju3uY,['#factorial']
757,7aFpLycMpFQ,"['#cylinderVolume', '#coneVolume']"
758,-LWhtRg0Bo4,['#angleVertex']
759,SL2lYcggGpc,"['#geometry', '#paperFolding']"
760,xC-fQ0KEzsM,['#distributiveProperty']
761,7-pdYSmROQQ,"['#remainderTheorem', '#factorTheorem']"
762,QAMXSU40ZgA,['#continuedFractions']
763,AgbW1_RnSOU,"['#graphOfFunction', '#transformation', '#graph']"
764,IxNb1WG_Ido,"['#sine', '#tangent', '#cotan', '#sec', '#cosec', '#cosine', '#trigonometry']"
765,_n1126GoxbU,['#shape']
766,DHA4EkVyT4w,['#union']
767,-ypD6fy8KMg,['#weightmeasurement']
768,v-pyuaThp-c,"['#parabola', '#hyperbola']"
769,GEId0GonOZM,['#deductiveReasoning']
770,ZKwqNgG-Sv4,['#cryptocurrency']
771,PVM4UvrYRqo,"['#area', '#polygon']"
772,digoW9eIMw4,['#divisability11']
773,EWs_1tp-1e4,['#informationTheory']
774,jfj63DWkggo,['#mentalArithmetic']
775,FPNhCVZlbJs,['#convertDecimalsToFractions']
776,yIRFON453Cg,['#maximum']
777,5ZCXfxCMnZs,['#sample']
778,U6xJfP7-HCc,"['#base12', '#baseRepresentationOfNumbers']"
779,_s5RFgd59ao,['#formula']
780,bhMyvC7o97Y,"['#pythagorasTheorem', '#rectangleArea']"
781,RvtdDA4RgQE,['#inverseTrigFunctions']
782,6y4cM43J6-U,['#frontEndRounding']
783,AzJs36FqkGU,['#isoscelesTriangle']
784,WT1ZqSx9Qdw,['#ed-addition']
785,KlqRk6Yzuu8,['#ed-multiplication']
786,JdLQpdy3eDA,['#simplifyRadical']
787,-UnNRGF8R40,['#arcLength']
788,7Qy_mX9s6k0,['#regularPolygon']
789,c8jh-rruUAU,['#scalar']
790,NoRjwZomUK0,['#riddlesAndChallenges']
791,5moXWwJ0n44,['#skipCounting']
792,YKfYBNpFJJ4,['#division']
793,xf4d6TqmV6U,['#xaxis']
794,BEz-vGJvaik,['#treeDiagram']
795,AMXIC2E-I34,"['#circumcenter', '#triangle']"
796,Lxk0OLUzhr0,['#zeroToPowerZero']
797,qmeW-vwrVRo,"['#angleSideAngleCongruentTriangles', '#sideAngleSideCongruentTriangles']"
798,qPRGtIlqpG8,['#timesTable']
799,yiREqzDsMP8,['#quadrilateral']
800,JuzIWhyNUcc,"['#rhombusArea', '#kiteArea']"
801,QJYmyhnaaek,['#pythagoreanTriple']
802,GiGLhXFBtRg,"['#centroid', '#triangle', '#triangleMedian']"
803,x-trHUobL2Q,['#fastCalculation']
804,xGOQYTo9AKY,['#completeSquare']
805,SpGFEwGm_Yg,['#dice']
806,bBC-nXj3Ng4,['#cryptocurrency']
807,5CeBlu260Rw,"['#trapezoid', '#quadrilateral', '#rhombus', '#parallelogram', '#rectangle', '#square']"
808,bG7cCXqcJag,"['#rationalNumber', '#irrationalNumber']"
809,7QMoNY6FzvM,"['#parabola', '#graphOfFunction', '#graph']"
810,rwDgfxTulpI,['#octagon']
811,whYqhpc6S6g,['#circleArea']
812,I6hz8mhaRB0,['#logic']
813,z8vj8tUCkxY,"['#trigonometry', '#degree', '#radian']"
814,4F_FVwAfX0I,['#perfectSquare']
815,O-cawByg2aA,"['#circleArea', '#circleCircumference']"
816,Ohp1PpzrRhE,['#leastSquares']
817,GmS-p1S_t5E,['#congruence']
818,-9OUyo8NFZg,['#eulersIdentity']
819,6agzj3A9IgA,['#completeSquare']
820,1hyvHQ78nl4,['#cosine']
821,a2L27dTOyHk,['#circlearea']
822,GTwrVAbV56o,"['#geometry', '#equilateralTriangle', '#hexagon']"
823,m6A2a2K8h8U,['#inequality']
824,DRg2VCo8lP0,['#rectanglearea']
825,K0Nqpf7Dcrc,"['#estimate', '#product', '#approximation']"
826,8mlH9bnvWVE,['#gameTheory']
827,QncgmzH6yQU,['#circle']
828,Be1cIyq9uBA,['#romanNumerals']
829,03G5_hM5GfM,"['#convexity', '#polygon']"
830,7g69wLn0UjI,"['#surfaceArea', '#cuboid']"
831,IQofiPqhJ_s,['#primeNumber']
832,P3TIC3ROf2I,['#polynomialDivision']
833,hX-BsyXGyb8,"['#modeInStats', '#median', '#arithmeticMean', '#range', '#centralTendency']"
834,bq9mhjsQEPw,['#primeNumber']
835,IbNORo450e8,['#gameTheory']
836,W21HgSUt8vI,['#antiderivative']
837,El7zOrCDzBs,['#dilation']
838,7IyN_HrQx20,"['#sec', '#cosec', '#cotan']"
839,0671cRNjeKI,['#perpendicular']
840,D9KDywbROHw,"['#measurement', '#measure']"
841,K1h8Cy18NpM,['#polynomialMultiplication']
842,o-ZbdYVGehI,['#polynomial']
843,YvjkPF6C_LI,"['#inverse', '#matrix']"
844,nBdWxsm6x5M,['#fraction']
845,unSBFwK881s,['#inequalities']
846,G-T_6hCdMQc,"['#sine', '#cosine', '#trigonometry', '#tangent']"
847,q8k-sS7qRts,['#trigonometry']
848,CfJzrmS9UfY,['#combinatorics']
849,slQu7igTMWU,['#quadraticFormula']
850,xPVcgv99KQA,"['#longDivision', '#ed-division']"
851,H4akM87VZm8,['#regularPolygon']
852,0LtGYuhUWC4,['#binomialCoefficient']
853,DiBwg5cNP84,['#convertFractionsToDecimals']
854,jPcBU0Z2Hj8,['#chess']
855,Sdt2aQjGY_g,['#event']
856,9Y7gAzTMdMA,['#zero']
857,f1yDExNAEMg,"['#contradictionProof', '#root2', '#squareRoot']"
858,KG6ILNOiMgM,"['#placeValue', '#decimal', '#decimalPlaces']"
859,5bTpePubSqw,['#fractionAddition']
860,7jlhIclKQZs,['#e']
861,v8uXUIOKGYA,"['#perimeter', '#rectangleArea']"
862,B7vDa7PNfJ8,['#sector']
863,o6W6P8JZW0o,"['#protractor', '#angle']"
864,30X37X1uk2o,['#mentalArithmetic']
865,Dd81F6-Ar_0,['#sum']
866,8NSwGvpbr2k,"['#parallelogramArea', '#triangleArea', '#rectangleArea']"
867,63HHmjlh794,['#chess']
868,E2lGlZWoRr8,['#isoscelesTrapezoid']
869,81SseQCpGws,"['#slope', '#graphOfFunction', '#line', '#graph']"
870,0S5VfMNqgaM,"['#matrix', '#determinant']"
871,JfqLblHox3o,['#similarTriangles']
872,3Ixp3PeAErI,"['#completeSquare', '#radius', '#circle']"
873,jrTnz37AboE,['#calculator']
874,Uz2LMtUUEGw,['#pi']
875,4mEk7d8oRho,['#icosahedron']
876,JZCD5r6WUvQ,"['#tangent', '#intersection', '#asymptote']"
877,Ok1by1WmmUc,['#ed-basics']
878,BZxZ_eEuJBM,"['#complexNumber', '#complexConjugate', '#complexDivision', '#complexMultiplication', '#complexAddition']"
879,J51ncHP_BrY,['#volume']
880,GTx-rXTQg1o,['#rationalRootTheorem']
881,3xwDryouw6o,"['#fraction', '#fractionArithmetic']"
882,pxVAWYOe34c,['#lawOfCosines']
883,dNRDvLACg5Q,['#computerScience']
884,SSNA9gaAOVc,"['#solvingEquations', '#orderedPair']"
885,GTZ4OzC1s1c,['#binomialDistribution']
886,_01wqwsb66E,"['#commonFactor', '#gcd']"
887,WUvTyaaNkzM,['#calculus']
888,IsvdlrVpQAo,['#absoluteValueEquations']
889,GSnf0E3t5CM,['#rotation']
890,Xt_i0Y6c0Ww,['#montyHallProblem']
891,60btq9PN8IM,['#vector']
892,V6Xynlqc_tc,"['#linear', '#intersection', '#intersectingLines']"
893,9tzsQMTeISU,['#globalMathProject']
894,cyW5z-M2yzw,['#music']
895,bcp9pJxaAOk,['#midpoint']
896,2HrSG0fdxLY,['#complexnumbers']
897,bFOkt9zQZGg,['#factorial']
898,SCljAW5C-qY,['#mobiusStrip']
899,LGqBQrUYua4,['#longDivision']
900,iVvGbDr-7lQ,"['#analyticGeometry', '#gradient']"
901,GbQQcrwYHt0,['#hypotenuse']
902,QSEKzFGpCQs,['#primeNumber']
903,_0x7uCiC0Uc,"['#commonFactor', '#algorithm', '#factor', '#gcd', '#algorithm', '#euclideanAlgorithm']"
904,d0Z8wLLPNE0,['#pendulum']
905,z8deq-zdaIg,['#pythagorastheorem']
906,d9pO2z2qvXU,"['#rationalNumber', '#irrationalNumber']"
907,5juto2ze8Lg,"['#fractionSubtraction', '#fractionAddition']"
908,pAHdpFNcS6o,['#perpendicularBisector']
909,MFytqBe7VDE,"['#tangent', '#tan']"
910,NqbkvEK46xM,"['#convertFahrenheitToCelsius', '#units']"
911,UH7KGc0hENE,"['#kilometer', '#meter']"
912,AZroE4fJqtQ,['#linear']
913,0s4qX1wBuJw,['#integral']
914,LU3R2JE5c_U,['#fractionMultiplication']
915,zDjJ-6sr7xI,['#converse']
916,QFTDofic0Ek,"['#convertFahrenheitToCelsius', '#convertCelsiusToFahrenheit']"
917,RVYwunbpMHA,"['#longMultiplication', '#multiplication']"
918,AtBUQH8Tkqc,"['#equivalentFractions', '#simplifyFractions']"
919,_n3KZR1DSEo,"['#straightAngle', '#supplementaryAngles', '#complementaryAngles', '#rightAngle', '#obtuseAngle', '#acuteAngle', '#protractor', '#angle']"
920,0KjG8Pg6LGk,"['#curve', '#formula']"
921,S__1f78CnhM,['#ruleOf72']
922,OLHqRt8GJJY,['#standardDeviation']
923,xmjy-0TxgI8,['#naturalLog']
924,2MNalT1g3m8,"['#games', '#hexagon', '#boardGames']"
925,V-Q6jBYn3Oc,['#syntheticDivision']
926,Q33F9vyis1g,['#ed-subtraction']
927,wgLUDw8eLB4,['#riddlesandchallanges']
928,jFd-6EPfnec,"['#commonFactor', '#gcd']"
929,m9Hf36rOhYc,['#binomialTheorem']
930,9teKXGoWIQM,['#variable']
931,xueJ4hH-lr0,['#absoluteValue']
932,1jz7S1Cefsk,['#polarCoordinates']
933,QRyi_q85RyQ,"['#polynomial', '#graphOfFunction', '#factorization', '#graph']"
934,kWndpHMpUlY,"['#log', '#digit']"
935,3hwvcs3DubE,['#polygonExteriorAngle']
936,EDauz38xV9w,['#dice']
937,M-i9v9VfCrs,['#knotTheory']
938,XeCxmaIv588,['#ed-polynomials']
939,2kfPL98h-mQ,['#differentialEquation']
940,rRTXKQpblEc,['#trianglearea']
941,-CWJIGc5Msk,['#areaBetweenTwoCurves']
942,XS4xSytnAm8,"['#cylinderVolume', '#coneVolume']"
943,I5zZMBzUZfk,['#areaBetweenTwoCurves']
944,ZfKTD5lvToE,['#perfectNumber']
945,FI1pSWfBtvQ,['#kilogram']
946,FMMZk9reas8,['#triangle']
947,q5ozBnrd5Zc,['#primeNumber']
948,TDXSE4s9b84,['#pyramidVolume']
949,YQ4Kv6zdOe0,['#dodecagon']
950,3vN-6DA79N0,['#compoundInterest']
951,gryB2leF6e0,"['#sideAngleSideCongruentTriangles', '#sideSideSideCongruentTriangles']"
952,wSeqzw7SbPY,['#tuple']
953,prh72BLNjIk,['#sequence']
954,UPmJ9_X2BbE,['#arctangent']
955,Q9vYvyvDzI8,"['#rectangularPrismVolume', '#compositeShape', '#pyramidVolume']"
956,DAcjV60RnRw,['#music']
957,sskf3tF2heU,['#surfaceArea']
958,ZL79DZSYA8g,['#centroid']
959,lj_X9JVSF8k,['#arithmeticsum']
960,61maaJXZT2U,['#noTag']
961,3iMI_uOM_fY,['#music']
962,jyLRpr2P0MQ,"['#circle', '#diameter']"
963,4ve7OaCnDLs,['#negativeMultiplication']
964,S9qr06pc_sk,['#convertDegreesToMinutesAndSeconds']
965,O2Z0YBv9aEo,['#decimalArithmetic']
966,NsNaYwHtowA,['#dilation']
967,RbAaKAR5ErM,['#fractionMultiplication']
968,0iMtlus-afo,"['#pascalTriangle', '#binomial', '#triangle', '#binomialCoefficient']"
969,kmzNfokSuHA,['#billion']
970,UgiRvl6iJzc,['#similarTriangles']
971,_qvp9a1x2UM,['#complexNumber']
972,b-MZumdfbt8,['#e']
973,Vu4x2DKn12g,['#odds']
974,Ac4Z1VMsE3E,['#random']
975,DMtFhACPnTY,['#cryptography']
976,FJ5qLWP3Fqo,['#longMultiplication']
977,zzu2POfYv0Y,['#log']
978,2SUvWfNJSsM,"['#binary', '#sierpinskiTriangle', '#towersOfHanoi']"
979,8xdudWZx7PE,"['#convertGramsToKilograms', '#kilogram']"
980,4oNyyfBsWZw,['#sample']
981,DAikW24_O0A,['#convertPercentToDecimal']
982,0Sx5aJoAkW8,['#logic']
983,AJn843kplDw,"['#gcd', '#algorithm', '#euclideanAlgorithm']"
984,H-ykHosJW9c,['#quadrilaterals']
985,5yOadRCaxOY,['#cubeRoot']
986,3UlE8gyKbkU,['#probability']
987,Cd5C6YtP4dE,['#midpoint']
988,NQSN00zL5gg,"['#negativeAddition', '#negativeSubtraction']"
989,eZgzCVnmSvI,['#asymptote']
990,GMnxIBReDfQ,"['#integer', '#oddNumber']"
991,ST2P6Sn3cuo,"['#correspondingAngles', '#similarTriangles']"
992,g8E_aDYxj_U,['#binomialDistribution']
993,gy8gmj7K7cQ,['#antiderivative']
994,aW0oqTAdmKc,['#eulersIdentity']
995,127MpSs0ZkY,['#vector']
996,70UVUlobZyM,['#timesTable']
997,VhokQhjl5t0,['#function']
998,rPLjlO9KDW0,['#e']
999,r9dn0yqc1u8,['#translation']
1000,GvyMUkxDbcE,['#commonDenominator']
1001,tm-_6sFdfk8,['#similarity']
1002,bdMfjfT0lKk,"['#sierpinskiTriangle', '#towersOfHanoi']"
1003,GlSt9M3v6ik,['#absoluteValue']
1004,U-goOl49wRo,"['#rectangle', '#rectangleArea']"
1005,G6J0lVp4YRQ,['#timedistancespeed']
1006,SYM7YVcreMg,['#pigeonHolePrinciple']
1007,nK-6NfelUaE,"['#perimeter', '#area']"
1008,NcADzGz3bSI,"['#longDivision', '#remainder', '#division']"
1009,O94fwp1E6Lg,['#interiorAngleSumForQuadrilateral']
1010,zMkVUEPoz4k,"['#externalAngle', '#angle']"
1011,QgPfagOgOAc,['#fermatLittleTheorem']
1012,JNPnE9qwKHM,['#timesTable']
1013,Idxeo49szW0,['#arctangent']
1014,ENIUcjdPO54,"['#simplifyFractions', '#squareRoot', '#denominator']"
1015,Kwdf-GeKJ_4,['#ed-polynomials']
1016,NaL_Cb42WyY,"['#primeNumber', '#pi']"
1017,UBuPWdSbyf8,"['#fractal', '#dragonCurve']"
1018,2lbABbfU6Zc,['#quadraticformula']
1019,pUGx98S_i50,['#surd']
1020,uDzARGZQhjU,"['#quartile', '#measure']"
1021,vjOOhemquss,['#dodecahedron']
1022,03kgmv50gBM,"['#complexMultiplication', '#complexDivision']"
1023,d8DAYzbmuBE,['#trapezoid']
1024,6PkBllbG2HE,['#rectangleDiagonal']
1025,8t2BDaszWmc,['#ed-basics']
1026,RvnGbWJzxAg,"['#curveFitting', '#exponent']"
1027,EtM9p-Fojd8,"['#similarTriangles', '#similarity']"
1028,8-Co_nx7gUg,['#sectorArea']
1029,ybc2QAtsLw4,['#kilometer']
1030,mIStB5X4U8M,['#multiple']
1031,qiNcEguuFSA,"['#fermatLastTheorem', '#unsolvedProblems']"
1032,gVzu1_12FUc,['#platonicSolids']
1033,3MqYE2UuN24,"['#awesomeVideos', '#parallelepiped']"
1034,c2XVtFMiYok,['#timedistancespeed']
1035,uYtoJmfxD7k,['#ray']
1036,OXXrsxA4f_4,['#differenceQuotient']
1037,o5cq9BA_hlE,['#centralAngle']
1038,bFNjA9LOPsg,['#pi']
1039,L81vWvqGvJ8,"['#combination', '#permutation']"
1040,hQl6BTmAUaU,"['#infiniteSeries', '#arctangent']"
1041,eQzKo-eNahA,['#alternateAngles']
1042,EcW-b-DrFWg,['#negativeNumber']
1043,oeSclkumBNY,['#geometricMean']
1044,85-PsYvWprA,"['#combination', '#sequence']"
1045,VkeSelRDlq8,"['#pentagon', '#area', '#polygon']"
1046,UbUdyE1_b9g,['#fractionSubtraction']
1047,-PEdvVgevNE,"['#cetimeter', '#measurement']"
1048,-qlom70xZ90,['#data']
1049,9tlHQOKMHGA,['#imaginaryNumber']
1050,_QTFeOvPcbY,"['#geometry', '#rhombusDiagonal']"
1051,Ay80IWC3MRM,['#zero']
1052,5ZHXzB28Kxc,['#exponent']
1053,V3e7m-qFDFU,['#determinant']
1054,twrfyZPZkrQ,['#primeNumber']
1055,UeG_EYd-0xw,"['#commutativeOperation', '#addition', '#associativeOperation']"
1056,X40ft1Lt1f0,['#informationTheory']
1057,vuoQ2CqgAeU,['#circumference']
1058,pFMR-WL41ew,['#noTag']
1059,Gh8h8MJFFdI,['#perfectSquare']
1060,_1r7WVh2Zgc,['#ruler']
1061,Kpnad_I138Y,['#cubeRoot']
1062,KxkMcZlohZg,['#algebra']
1063,IQ5TuVdtKNU,"['#trigonometry', '#quadrant']"
1064,2BgWWsypzLA,['#infiniteSeries']
1065,d7rAlcNHDUI,['#consumerMath']
1066,A9xun5Le0uQ,['#sum']
1067,rR95Cbcjzus,['#percent']
1068,qJwecTgce6c,"['#prism', '#volume']"
1069,BMOijTYM3Hw,['#cardTricks']
1070,GilfgIkM6wI,"['#congruentTriangles', '#congruence']"
1071,wF2hUCrzT2g,['#ed-decimals']
1072,_cooC3yG_p0,['#arithmeticsum']
1073,nFS3uELWvOY,['#geometry']
1074,bxe2T-V8XRs,['#artificialIntelligence']
1075,yk6wbvNPZW0,['#irrationalNumber']
1076,KTUVdXI2vng,['#logic']
1077,815mr63EsrE,['#fractions']
1078,Y31x9BlztjM,"['#primenumbers', ' #primeFactorization']"
1079,7DtWXEPB_AI,['#range']
1080,FGn2jtCjyvo,['#convertFractionToPercent']
1081,mAvuom42NyY,['#addition']
1082,3oyUeiG_mt0,"['#rationalFunction', '#graphOfFunction']"
1083,0es0yhnSdU4,"['#rectangle', '#area']"
1084,eTDaJ4ebK28,"['#arccos', '#unitCircle', '#trigonometry', '#inverseTrigFunctions']"
1085,5hKnWl1OK44,['#piecewiseFunction']
1086,wShnYemIr28,['#equation']
1087,-M0Fi0ijnJs,['#boxPlot']
1088,sLeabhtuUmg,['#ratio']
1089,qQV05JbsoF0,['#commutativeOperation']
1090,FhSFkLhDANA,['#topology']
1091,HrRMnzANHHs,['#pi']
1092,FsGYV2CL3Fc,['#centralAngle']
1093,C-52AI_ojyQ,"['#trillion', '#quadrillion', '#million', '#billion']"
1094,g_AMNnFEI_A,['#simplifyRadical']
1095,ulg_AHBOIQU,['#cryptography']
1096,rVhU8Vyhz7c,"['#terminatingDecimal', '#nonTerminatingDecimal', '#rationalNumber']"
1097,n0DLSIOYBsQ,['#trigonometry']
1098,lvAYFUIEpFI,['#ellipse']
1099,8OzKe1wmAbY,['#ed-division']
1100,1UuiF3mskQA,['#similarTriangles']
1101,Na3s6Foqzcc,['#kite']
1102,tY69D3PSmIk,['#knotTheory']
1103,eR_kQf-1fks,['#geometricSum']
1104,AqFwKecNaTk,['#intersectingLines']
1105,LWc8b_A6BPQ,"['#transformation', '#congruence']"
1106,ggH8cKcPOHI,['#cardTricks']
1107,CWhcUea5GNc,['#fibonacciNumber']
1108,6qahSLDye2U,"['#convertPercentToFraction', '#convertDecimalsToFractions', '#convertDecimalToPercent', '#convertFractionToPercent', '#convertFractionsToDecimals', '#convertPercentToDecimal']"
1109,u2DLlNQiPB4,"['#computerScience', '#computation']"
1110,81zcjULlh58,"['#modeInStats', '#median', '#arithmeticMean', '#range', '#centralTendency']"
1111,h0HcVonB_rQ,['#perpendicularBisector']
1112,nfrS95Ub23Y,['#ed-multiplication']
1113,Pal-uS7onm4,"['#union', '#probability']"
1114,3lVLhZ3ds-8,['#polynomialDivision']
1115,zAHFNIjgm30,"['#divisibility6', '#divisibility4', '#divisability12', '#divisibility3', '#divisibility8', '#divisibility', '#divisibility9']"
1116,4EpI7UbQvUI,['#compoundInterest']
1117,lubGnk0UZt0,['#cone']
1118,UpUjJQGSlDY,['#log']
1119,_9Wvu-R04go,['#subset']
1120,TTmkBrZYnJU,['#triangle']
1121,36v2EXZRzUE,['#graphOfFunction']
1122,tnkPY4UqJ44,['#fractionDivision']
1123,CkVJ8xa63ow,['#distributiveproperty']
1124,MqUWS4o_nkY,['#realNumber']
1125,frBJEYvyd-8,['#absoluteValue']
1126,0N-yb-grHTY,['#data']
1127,CHn_lLbnm8c,['#convertFahrenheitToCelsius']
1128,6_j2X6fgkaA,['#calculator']
1129,ma0qXCyxiQo,"['#radius', '#circle', '#chord']"
1130,i5dkilkfBv8,['#frequencyDistribution']
1131,2hIfnw6Yhqo,['#e']
1132,vkMXdShDdtY,['#unsolvedProblems']
1133,bIKmw0aTmYc,['#ratio']
1134,2G_Jr_XpnY4,"['#divisibility3', '#divisibility6', '#divisibility', '#divisibility4', '#divisibility9']"
1135,HjCWHwBk_vg,['#ed-subtraction']
1136,lxjmR4pYIVU,['#commonDenominator']
1137,AVScy7YsKM0,['#algorithm']
1138,shEk8sz1oOw,['#fundamentalTheoremOfAlgebra']
1139,K50cNmV8cJE,['#globalMathProject']
1140,3W8SeYgZcMo,"['#gcd', ' #lcm']"
1141,MtqtIiJsfiE,"['#reflection', '#symmetry']"
1142,Jm5Xl8xy6Wc,['#parabola']
1143,inlMrf2d-k4,['#quadrilaterals']
1144,E2jyimV3qm4,"['#similarTriangles', '#angleAngleSimilarTriangles']"
1145,oQhp3ndj28Y,"['#compoundinterest', ' #e']"
1146,EYKMLUxtRGY,['#base12']
1147,VRV-HFvUVc8,['#decimalFraction']
1148,F60TZWy4vIE,['#absoluteValueEquations']
1149,GORkx4AAX_w,['#data']
1150,4IVoIuMsK0A,"['#discriminant', '#graph', '#quadraticFormula', '#quadraticEquation']"
1151,7WXijfIZh64,['#rate']
1152,ysV6iF3Rmjo,['#shape']
1153,Ag5_bfNGIno,"['#acuteAngle', '#obtuseAngle']"
1154,3SE6tzEqnx0,['#rhombus']
1155,A4hjCmNOxtU,['#similarTriangles']
1156,u3dexXyyb3c,['#distributiveproperty']
1157,-1MzoyzWxo4,['#parabola']
1158,LpuPe81bc2w,"['#baserepresentationofnumbers', ' #binary']"
1159,wNcFAQHJWAU,['#pi']
1160,R4OlXb9aTvQ,['#informationTheory']
1161,DqoWOjzjoe0,['#circleArea']
1162,Tz7TQljoiM8,['#cone']
1163,x-Dqe5U1TXA,"['#placeValue', '#decimalPlaces']"
1164,swbSsQsrBRE,['#pascalTriangle']
1165,PZOO7mIStnI,['#convertPoundsToGrams']
1166,xcjgm6ctzAw,['#informationTheory']
1167,WQo_F34vTj4,['#histogram']
1168,Za7G_eWKiF4,['#independentEvents']
1169,Kkc9EEznhzU,['#recursiveDefinitionOfASequence']
1170,G7zT9MljJ3Y,['#dice']
1171,b-7kCymoUpg,"['#geometry', '#induction', '#sequence', '#geometricSum', '#infiniteSeries', '#series']"
1172,jJqE0MveYKM,['#factoringBinomials']
1173,e4LuX48rD_k,['#pythagorasTheorem']
1174,BYRTvoZ3Rho,"['#cryptography', '#mathPolitics']"
1175,wydlZ9lcEiQ,"['#evenNumbers', '#oddNumber']"
1176,JyxRH18YlpA,['#cryptocurrency']
1177,nUN4NDVIfVI,['#unsolvedProblems']
1178,SDkjRzWWBS4,['#ed-multiplication']
1179,sukb8ORaHr0,['#inequality']
1180,NgbK43jB4rQ,"['#network', '#fourColorTheorem', '#theorem']"
1181,ZWCXrbnMN-E,['#compoundinterest']
1182,oR1ukNC1pvA,['#rectangularPrism']
1183,EnwWxMZVBeg,['#radians']
1184,A3tQOGDxnwY,['#externalAngle']
1185,ZLzzb8XkhCk,"['#divisibility3', '#divisibility9']"
1186,eLR3zKxpcso,['#parabola']
1187,x0IaGTzYogU,['#matrix']
1188,zLzLxVeqdQg,['#complexNumber']
1189,Mkoc_TcPJAg,['#trinomial']
1190,Ml8obLf4v08,['#formula']
1191,uRkfAgQZAhY,['#binomial']
1192,j3-XYLnxJDY,['#trapezoid']
1193,ij-EK-MZv2Q,['#negativeNumber']
1194,EsLgiffa9Cc,['#base12']
1195,lTJydnfGyyk,"['#probability', '#dice']"
1196,3FManXv4mZM,"['#geometry', '#rhombusArea']"
1197,5RzDVNob0-0,['#associativeOperation']
1198,CecgFWTg9pQ,['#sum']
1199,qRFX_HK-6Ik,['#absoluteValue']
1200,17a443nL7Qw,['#inequality']
1201,DBSqdRmRyFs,['#triangleMedian']
1202,UvI-AMAtrvE,['#logic']
1203,8542XmS98Yo,['#rubiksCube']
1204,2RMCxVicu8Y,['#perimeter']
1205,M-Y0p8xmMf0,['#convertPercentToFraction']
1206,CUKDzC5f6B4,"['#congruentTriangles', '#congruence']"
1207,Km024eldY1A,['#chess']
1208,dsySragIVEk,['#e']
1209,yvzyC4VBpUU,['#complexnumbers']
1210,mYg5gKlJjHc,['#geometricsum']
1211,IvXgFLV2gOk,['#formula']
1212,T23BbKHTH3o,['#angleAngleSideCongruentTriangles']
1213,4yfDM5zV6H4,"['#converse', '#contrapositive']"
1214,aNpGxZ_1KXU,['#cardTricks']
1215,HCC96awA-FM,['#compareDecimals']
1216,5qfOkmUAfNQ,['#measurement']
1217,_jcW-ZgpRbM,"['#placeValue', '#convertDecimalsToFractions']"
1218,e7NU6yzr5dA,"['#cuboidVolume', '#cubeVolume', '#cuboid']"
1219,AZL-z63HHx0,['#polynomialMultiplication']
1220,5kl28hmhin0,['#primeNumber']
1221,fPcQn5G1PFA,"['#externalAngle', '#internalAngle']"
1222,--vh9zgZZmQ,['#slantAsymptote']
1223,qSQyctFGMxc,['#globalMathProject']
1224,mtH1fmUVkfE,['#normalDistribution']
1225,wJ8KH-oKd9I,['#decimalArithmetic']
1226,ZKKDTfHcsG0,['#primeFactorization']
1227,6kuTrUO6Ahw,"['#measurement', '#measure', '#binomial', '#area']"
1228,YG15m2VwSjA,['#chainRule']
1229,JTHhJgecPS4,"['#placeValue', '#decimal']"
1230,y3B2d7jZzrs,['#trapezoidHeight']
1231,4EJay-6Bioo,"['#baseRepresentationOfNumbers', '#base16']"
1232,xX1sqV1nSAQ,['#convertDecimalsToFractions']
1233,tJP61g9atfU,['#inequality']
1234,4ZpUjcLJEqw,['#algebra']
1235,m5evLoL0xwg,['#geometry']
1236,bY0i9Kmuyt4,"['#log', '#curveSketching']"
1237,tvnOWIoeeaU,['#differenceOfSquares']
1238,p4dJ1nkmAW0,['#proportional']
1239,RkxqLrK9veU,['#ratio']
1240,3YwrcJxEbZw,['#realNumber']
1241,c6-FJRda_Vc,['#proportional']
1242,tboUQp2tAxw,['#associativeOperation']
1243,JUzYl1TYMcU,['#gcd']
1244,86NwKBcOlow,"['#graphOfFunction', '#simultaneousEquations', '#graph']"
1245,O8fo4H_185g,['#gradient']
1246,CfBYGFm5gPA,['#fractionAddition']
1247,T647CGsuOVU,['#complexNumber']
1248,DBV-R5it_Kw,['#terms']
1249,njqrSvGz8Ps,"['#riddlesAndChallenges', '#montyHallProblem']"
1250,oJ7uOj2LRso,['#platonicSolids']
1251,Pcgvv6T_bD8,['#binomialCoefficient']
1252,m1CEt5vO6s0,['#logic']
1253,7JmTiTXn8Ag,['#numberLine']
1254,mLeNaZcy-hE,['#triangle']
1255,5J4R9eC37Hg,['#pythagorasTheorem']
1256,ljROszF_rqs,['#linear']
1257,C_iKTTI1E34,"['#exponent', '#power', '#squareRoot']"
1258,z8ZWlUamNPI,['#fractal']
1259,JEHejQphIYc,['#decimalArithmetic']
1260,Rm6UdfRs3gw,['#compoundinterest']
1261,bmrPMW2VC3M,"['#arithmeticMean', '#centralTendency', '#median']"
1262,2U91K1RyWPA,['#explodingDots']
1263,w2M5CzTFYfI,['#rounding']
1264,4h54s7BBPpA,"['#function', '#functionDomain', '#graphOfFunction']"
1265,QFeG9CeeH88,['#rotation']
1266,OE2g2SgPC6s,"['#perimeter', '#pythagorasTheorem']"
1267,3roTCMW4_u4,"['#externalAngle', '#internalAngle']"
1268,BYmnweEPpMY,['#convertFractionsToDecimals']
1269,1I5oB4SLl1E,['#lcm']
1270,kj_7Jc1mS9k,['#encryption']
1271,IHd8jiUF3Lk,['#contrapositive']
1272,i8THsl3AYFI,['#geometricsum']
1273,f_uwKZIAeM0,"['#artificialIntelligence', '#machineLearning']"
1274,rd8tbD2eekM,['#coneArea']
1275,7dRlpi8SZQ4,['#geometricMean']
1276,p0ASFxKS9sg,['#informationTheory']
1277,hhjujo8XFkA,['#perpendicularBisector']
1278,lNjRyB0SNn0,['#cardTricks']
1279,dTwZ5N126gw,['#inequality']
1280,ut3stmfLS8c,"['#set', '#union', '#intersection']"
1281,vGuiy7NnJlM,['#congruentTriangles']
1282,_JpwlTasQJ8,['#bisector']
1283,1dqAOKdJmRI,['#rectanglearea']
1284,d6c6uIyieoo,['#unsolvedProblems']
1285,J0_WUmh42do,"['#geometry', '#polygon']"
1286,7u6kFlWZOWg,['#probability']
1287,vpn8W_oqnyA,['#subtraction']
1288,z0XkRIG4Snw,['#calculator']
1289,ieUvzy6rnnw,['#mathsAstronomy']
1290,CMP9a2J4Bqw,['#transcendental']
1291,zxKLbCWuGSQ,['#differenceOfSquares']
1292,THwfbfFFgFg,['#ed-polynomials']
1293,T971zHhZ3S4,"['#rightTriangle', '#hypotenuse']"
1294,ABDKOmamIwo,['#radians']
1295,AOMQxLrCI7A,['#rubiksCube']
1296,DdK-QrYdLfQ,['#protractor']
1297,0DmgFtfy57Y,['#percentile']
1298,2yPv6xqu1Z8,"['#rectangularPrismVolume', '#rectangularPrism']"
1299,OcD1Ujnjy-g,['#rhombus']
1300,lQK7ihLcdvc,"['#evenNumbers', '#primeNumber', '#oddNumber']"
1301,by9-_95Zn08,['#area']
1302,Yz5zC4XEYWg,['#arithmeticsum']
1303,PiPVl-U2tlw,['#numeral']
1304,IwW0GJWKH98,['#arithmetic']
1305,BLTr2MhRwdg,['#symmetry']
1306,ZgoIb3V48Ig,['#thirtySixtyNinetyTriangle']
1307,7puMMr_1shs,['#extrema']
1308,JVrkLIcA2qw,['#pythagorasTheorem']
1309,fjXj6asQSEk,['#transformation']
1310,vB4FuGmfEGY,['#event']
1311,macM_MtS_w4,"['#computerScience', '#turingMathematician']"
1312,14-NdQwKz9w,['#fibonacciNumber']
1313,WqhlG3Vakw8,['#pythagorasTheorem']
1314,FCnNmUefrWA,['#ed-decimals']
1315,W1OkVkq2vFM,['#fermatLastTheorem']
1316,A8YVK7kxZOw,"['#hexagon', '#area', '#polygon']"
1317,aN0L9CncAmI,['#parabola']
1318,BG6mzScIF_0,['#absoluteValueEquations']
1319,XYUVqM7FDho,['#triangleArea']
1320,RSL8YA4LPXg,['#prismVolume']
1321,Yyz8CVXw7sk,['#alternateAngles']
1322,3XOt1fjWKi8,"['#numerator', '#denominator']"
1323,nyDDXVVtd9s,['#polynomialEndBehaviour']
1324,qhbuKbxJsk8,['#timesTable']
1325,b2C9I8HuCe4,['#boxPlot']
1326,Xmxs2wd_JDI,['#equivalentFractions']
1327,Cxdyh7A4-Ho,"['#eulersIdentity', '#formula']"
1328,VsQ-OPIZ5kg,['#games']
1329,h9zUbWPqVpc,"['#complementaryAngles', '#supplementaryAngles']"
1330,UfEiJJGv4CE,['#numberLine']
1331,EZ6dOlRQDBo,['#externalAngle']
1332,oDoyv7wxqmU,['#arcLength']
1333,sQboO7dx3-4,['#dice']
1334,l4j4XgVbuxc,['#orderedPair']
1335,G-q2fvZuj0Q,['#continuedFractions']
1336,m2MIpDrF7Es,"['#calculus', '#e']"
1337,ahdKdxsTj8E,['#polynomial']
1338,OrzMXc2Z5aw,['#polygon']
1339,fJZv9YeQ-qQ,['#boxPlot']
1340,C0vUVK_o5r0,['#triangleHeight']
1341,fNk_zzaMoSs,['#vector']
1342,GMoqg_s4Dl4,['#factoringTrinomials']
1343,m0txx9w_5Go,['#polynomialDivision']
1344,qdYx4qk2UHU,"['#obtuseAngle', '#acuteAngle', '#rightAngle']"
1345,MokI3Fi8jpc,['#percent']
1346,MV40meqda3o,['#radians']
1347,eV6iYvd4KS0,"['#negativeNumber', '#positiveNumber']"
1348,d9CROAHQhdQ,"['#analyticGeometry', '#triangleArea']"
1349,b7zXeVUz_r0,"['#parabola', '#graph']"
1350,N21Wh4Jqftc,['#fractionsubtraction']
1351,1g_NHxiAZbs,['#bearing']
1352,YLSvXcJiujg,['#equivalentFractions']
1353,BSfxUcsVKwM,"['#arithmeticMean', '#centralTendency', '#measure']"
1354,WlGuG_VZl5c,"['#perimeter', '#circleArea', '#area', '#circleCircumference']"
1355,_GkxCIW46to,"['#fibonacciNumber', '#formula']"
1356,ZOBlfastTJk,['#ratio']
1357,dj1p_U4jPL0,"['#longDivision', '#division']"
1358,mqK63v2Jzks,['#goldenRatio']
1359,MaSJk8_F500,['#equivalence']
1360,DArQTsH6Y1s,['#isoscelesTriangle']
1361,wA5HO-VIv5M,['#twinPrimes']
1362,GX-YdOykky4,"['#rationalFunction', '#graphOfFunction']"
1363,VRzH4xB0GdM,['#log']
1364,dHzUQnRjbuM,['#cardTricks']
1365,c9nUAXUSuII,['#transcendental']
1366,NlHqdwTtcCY,"['#convexity', '#concavePolygon', '#concave', '#convexPolygon']"
1367,EIstpPXKWng,['#imaginarynumber']
1368,UEK-VqI1wGg,['#polynomialDivision']
1369,z37oW9fTqAY,['#correlation']
1370,KXyJX4LnbSU,"['#combination', '#combinatorics', '#permutation']"
1371,8h-BeLqfa3E,"['#similarity', '#congruentTriangles', '#similarTriangles', '#congruence']"
1372,mrsF0IZ17VI,['#convertFractionToPercent']
1373,z0pWasFTFnU,['#sample']
1374,pZccTYoL75k,['#coneArea']
1375,TD6lcIIOeic,['#binary']
1376,nI4o9pm7BsQ,"['#globalMathProject', '#explodingDots']"
1377,4Tb1q8dSIlI,"['#rsaCryptography', '#encryption']"
1378,Ez_-RwV9WVo,"['#analyticGeometry', '#midpoint', '#geometry']"
1379,6IVyQy9F3kU,"['#similarTriangles', '#similarity']"
1380,F_0yfvm0UoU,['#eulersIdentity']
1381,JnEBO3OHaiA,['#mobiusStrip']
1382,KDUJd_1eo8o,['#cryptocurrency']
1383,e0xJwdcpATM,['#infinity']
1384,n5L6pesFoUg,['#bisector']
1385,2hfoX51f6sg,['#fourierAnalysis']
1386,RrrYInyIEGo,['#cartesianPlane']
1387,Dt5fi89gA-0,['#triangleArea']
1388,nAxA97JG7gU,['#percentile']
1389,RvvHn8-D2bc,['#primeFactorization']
1390,QF0y46WWavM,['#conditionalProbability']
1391,fL9uRA0u-Mc,['#factoringTrinomials']
1392,IYfoufW9RR0,['#geometricsum']
1393,1SMmc9gQmHQ,['#binary']
1394,D8P5XsE0gfE,['#permutation']
1395,Tvq2RbkQsTY,['#ed-subtraction']
1396,jCBwHGtEV5M,['#ed-bases']
1397,O0KbymjE7xU,"['#tautology', '#contradiction']"
1398,noDSyLzVz2g,['#random']
1399,vstIoER3idM,['#ed-basics']
1400,jmIM5txH0oM,['#mentalArithmetic']
1401,0uCslW40VHQ,['#expression']
1402,oIV1zM8qlpk,['#parallelogram']
1403,U33dsEcKgeQ,"['#graphTheory', '#games']"
1404,-6HxjiW_KwA,['#probability']
1405,kuixY2bCc_0,['#matrix']
1406,-S_l8GGxOhU,['#algorithm']
1407,a5uNoOnEy_A,['#distributiveproperty']
1408,NFPrhLVCLms,"['#straightAngle', '#obtuseAngle', '#acuteAngle', '#rightAngle']"
1409,siawhQBRC8I,['#calculator']
1410,Ihws0d-WLzU,['#convertDecimalsToFractions']
1411,nUhdhAgz8q4,['#rubiksCube']
1412,AuD2TX-90Cc,"['#placeValue', '#decimalPlaces']"
1413,o-TWOYoxjUo,"['#complementaryAngles', '#supplementaryAngles']"
1414,bXASilfcQVs,['#slantHeight']
1415,RvtdJnYFNhc,['#convertDecimalToPercent']
1416,nNpDIbmUvo4,['#event']
1417,VWEN5tPa2CM,['#rounding']
1418,SJWi7hM0Hbs,['#hexagonalNumber']
1419,NGMRB4O922I,"['#fractal', '#mandelbrotSet']"
1420,17tjFFO-BzU,['#trigonometry']
1421,d-_eqgj5-K8,['#velocity']
1422,U_q7R5JJvb4,['#integral']
1423,JWFbKdnvpA4,['#arithmeticsum']
1424,3zQsYJi5pFE,['#velocity']
1425,8mOjSllxp7Y,['#nonEuclideanGeometries']
1426,z0-1gBy1ykE,['#degree']
1427,M7kEpw1tn50,"['#cryptography', '#bigNumbers']"
1428,3mLCY-ldv10,['#expectation']
1429,zPd21soIZw0,['#sphereVolume']
1430,Yl1aOD3CZbM,['#weightedMean']
1431,X-XayK70voA,['#coneArea']
1432,Wrr83QShcEk,"['#riddlesAndChallenges', '#calculus']"
1433,12Q3Mrh03Gk,"['#cryptography', '#encryption']"
1434,5sS7w-CMHkU,"['#decimal', '#base16']"
1435,3N_yxLDPTyY,['#coneArea']
1436,fd-E18EqSVk,['#rounding']
1437,-ZS_zFg4w5k,"['#computerScience', '#computation']"
1438,ov6z0RTlaW0,"['#plane', '#angle', '#intersectingLines']"
1439,KTvQXspWhbM,['#remainderTheorem']
1440,mvmuCPvRoWQ,"['#symmetry', '#eulersFormula']"
1441,ukPjc3Oyad4,['#trianglearea']
1442,NhB3NVwpmF0,['#ruleOf72']
1443,9azy_rMf4S0,"['#graphOfFunction', '#plot', '#graph']"
1444,II0cHJyEKX8,['#orthocenter']
1445,NxbLXwXXp7Y,['#absoluteValue']
1446,QkU4FZN8MY0,['#similarTriangles']
1447,QxboPshf__g,"['#complexMultiplication', '#complexDivision']"
1448,cOcW9SIvP7w,['#annulus']
1449,VMEV__2wW3E,['#deductiveReasoning']
1450,EfqVnj-sgcc,['#dichotomyParadox']
1451,w1nlzDAVyzk,['#combination']
1452,Yhlv5Aeuo_k,"['#numberTheory', '#primeNumber', '#ulamSpiral']"
1453,UoLgHZAy6YE,['#coneVolume']
1454,pNp8Qf20-sA,"['#function', '#imaginaryNumber', '#complexNumber']"
1455,ygH-Y5YG5kE,['#parabolaVertex']
1456,wfemNvNXQKY,"['#complementaryAngles', '#supplementaryAngles']"
1457,Yu4eqwGFJK8,"['#regularPolygon', '#regularShape']"
1458,7l6jAFTQ0qM,"['#arcLength', '#sectorArea']"
1459,XkY2DOUCWMU,['#matrix']
1460,YqWatH0Cgaw,['#heronsFormula']
1461,aRGI4lafk8Y,['#inscribedAngle']
1462,lxTQrsUip9g,"['#graphOfFunction', '#inequality', '#graph']"
1463,XlQOipIVFPk,"['#topology', '#mobiusStrip']"
1464,9gk_8mQuerg,['#fractal']
1465,6s4xS-JfX5w,"['#fastCalculation', '#subtraction']"
1466,qVqGNIg2w7c,"['#rightTriangle', '#thirtySixtyNinetyTriangle']"
1467,KNdUJQ_qd4U,['#compareFractions']
1468,7f9_U85_YX4,['#sectorArea']
1469,GDcVdBAnBdU,"['#geometry', '#rhombusDiagonal', '#rhombus']"
1470,Rie6kF1UZD0,"['#optimization', '#rectangleArea']"
1471,zzyT6NiyeTI,"['#similarity', '#similarTriangles']"
1472,Ub_z7ns4n60,"['#parallelLines', '#transversal', '#angle']"
1473,6Lm9EHhbJAY,['#geometry']
1474,aW3qCcH6Dao,['#baserepresentationofnumbers']
1475,xViupcHi8_Y,['#coneVolume']
1476,uv9Mgs-cUA0,"['#algorithm', '#euclideanAlgorithm']"
1477,iscAHyfe3Pg,['#decimalArithmetic']
1478,p_Hqdqe84Uc,['#countingNumbers']
1479,kQF9pOqmS0U,['#circle']
1480,VQQ11EIgk7U,"['#optimization', '#polygon']"
1481,yk8nCzniSeQ,['#riddlesAndChallenges']
1482,Ip3X9LOh2dk,['#determinant']
1483,UfUwTtaHyp8,['#rectanglearea']
1484,tk2c7Bn2OH8,['#circumference']
1485,Ilsu8o4O3r4,['#fibonacciNumber']
1486,qEKNFOaGQcc,['#network']
1487,ffLLmV4mZwU,"['#algebra', '#polynomial']"
1488,zwAD6dRSVyI,"['#dimension', '#sphere', '#coordinate']"
1489,LDIiYKYvvdA,['#algebra']
1490,FThDfpFLT7A,"['#convertDecimalsToFractions', '#convertRecurringDecimalToFraction']"
1491,KQqu0WnqvUA,['#factorTheorem']
1492,MoMTm5QSKqI,"['#multiplication', '#array']"
1493,1EDCyM41BWQ,['#numeral']
1494,3wLqsRLvV-c,['#turingMathematician']
1495,wkZgk7yT_Ww,"['#surfaceArea', '#prism', '#prismVolume']"
1496,W2Ghl33EdOs,['#trapezoid']
1497,KUhdMbx5ges,['#geometry']
1498,vnEQcsQGmGo,['#correspondingAngles']
1499,oNjNnfzuDC0,['#perfectNumber']
1500,cC0fZ_lkFpQ,"['#circle', '#pi']"
1501,YjGVFPtNTHw,['#cube']
1502,1u302YEJbhk,"['#reflection', '#congruence']"
1503,3zdGU4r3xGg,['#unsolvableEquations']
