,youtubeVideoId,newHashtags
0,1op92ojA6q0,Exploratory mathematics
1,vwSqpaQMmcs,Exploding Dots
2,ptS2pAdBUjY,Statistics and probability
3,yNFHFhJ6VS0,Measurement
4,RU0wScIj36o,Exploratory mathematics
5,K79w3OpKako,Statistics and probability
6,CdtDU0nt4iQ,Measurement
7,3DIqvNjChpY,Geometry
8,qYAdXm69l8g,Calculus
9,EedbUsApuos,Geometry
10,Ue1_s85G0JU,Number theory
11,C82JyCmtKWg,Statistics and probability
12,SBvUMjuxf1o,Theorems and proofs
13,lOWXZFP8Vuc,Geometry
14,YokKp3pwVFc,Geometry
15,8RRo6Ti9d0U,Number theory
16,S9JGmA5_unY,Computer Science
17,3h4UK62Qrbo,Number theory
18,lOIP_Z_-0Hs,Number theory
19,Ay0B6Kh9Y3Q,Number theory
20,Yajonhixy4g,Geometry
21,BTyzE-NDga8,Exploratory mathematics
22,xpk2mvZX2Ms,Geometry
23,F6zcGSY15Vw,Statistics and probability
24,Guf49aOi0SQ,Geometry
25,TFRHhcd986c,Algebra
26,h6OSBOdaLfI,Calculus
27,HlEx1TN-dqY,Number theory
28,HUti6vGctQM,Statistics and probability
29,oc0M1o8tuPo,Number theory
30,CA9XLJpQp3c,Number theory
31,uR70knMr2Hg,Logic & Discrete maths
32,AAY1bsazcgM,Measurement
33,lYLaaMObgkw,Logic & Discrete maths
34,0r3cEKZiLmg,Number theory
35,8dKQLDcA8QA,Geometry
36,IJhNPpOj7r8,Geometry
37,KGMf314LUc0,Number theory
38,ZqbdVbkbrww,Algebra
39,8HJ9jWmkyuU,Geometry
40,oPXGb6G3TDs,Number theory
41,sD0NjbwqlYw,Theorems and proofs
42,MEuPzvh0roM,Number theory
43,V8_AcKoL2Fs,Exploratory mathematics
44,FrfFeUnunGk,Number theory
45,jKFqAHfWw50,Geometry
46,e7lbCq1ONtQ,Number theory
47,RCHe6fCHMuU,Geometry
48,kG4Fh_PrN-E,Statistics and probability
49,s4tS-ZmpJfw,Geometry
50,aircAruvnKk,Statistics and probability
51,HI5dTLL1r4c,Geometry
52,Gl-aQ-TBZZs,Geometry
53,sULa9Lc4pck,Number theory
54,iPLQgXUiU14,Calculus
55,BKOf_xBtgCk,Measurement
56,4TBVB4hLQhY,Number theory
57,ghJH4CtbBT4,Statistics and probability
58,IaQwWINzjtA,Statistics and probability
59,SZ5IGSDgpzk,Geometry
60,vo20OcefwHc,Algebra
61,aNrO5jLAV5g,Number theory
62,vIsDjbhbADY,Statistics and probability
63,HSpSQQNVosA,Calculus
64,cwnt4fB8KdI,Geometry
65,1-XmMhOIgaA,Statistics and probability
66,Vtz32adSl1Q,Number theory
67,otIjqzKlnXc,Measurement
68,Y1V5mZaMfTk,Measurement
69,vKG6xNPQWHw,Algebra
70,gGf7kFBzC48,Logic & Discrete maths
71,Ktfo8D3cCr0,Geometry
72,JeVSmq1Nrpw,Measurement
73,OmJ-4B-mS-Y,Exploratory mathematics
74,LqKpkdRRLZw,Theorems and proofs
75,Fqq10lt9X-M,Exploding Dots
76,_o0cIpLQApk,Number theory
77,m-5CDVdglp4,Geometry
78,w0jRJP-_7Us,Algebra
79,T7_m8lT-ecc,Number theory
80,5yecNfFyvF8,Logic & Discrete maths
81,XZRQhkii0h0,Number theory
82,3_VydFQmtZ8,Geometry
83,TFCQW8M15mw,Algebra
84,sOb9b_AtwDg,Statistics and probability
85,fh8gkPW_6g4,Number theory
86,JVGSKnKwIsc,Calculus
87,cr6W4O78Y6c,Calculus
88,1CiBuN6qraY,Logic & Discrete maths
89,9iulv2QvKwo,Measurement
90,alprjOchyEY,Number theory
91,IIQPHC5gZT8,Number theory
92,Igrkz1iVBXc,Algebra
93,PMakVCTQYh8,Geometry
94,OKUVvAaCv_0,Number theory
95,AzTIbgUxga8,Theorems and proofs
96,qrvcWgdkGi8,Number theory
97,l2luO5eNKXc,Number theory
98,zV7aDRMEt9U,Geometry
99,4XytYH35AP0,Number theory
100,egNI5ahmhsY,Statistics and probability
101,9_VCk9tWT0Y,Algebra
102,1wnIsgUivEQ,Number theory
103,uC09taczvOo,Number theory
104,izdZPx89ph4,Mathematicians
105,UCigSz7yQpc,Geometry
106,b_uvofsYl9s,Theorems and proofs
107,xjCnmPvcmOo,Number theory
108,HxEQxS0QSwg,Measurement
109,5Mf0JpTI_gg,Geometry
110,BWfDKHHZR2A,Number theory
111,t2qskEuDLRw,Geometry
112,Kp2bYWRQylk,Algebra
113,P-oFpsQlt-A,Statistics and probability
114,d0vY0CKYhPY,Exploratory mathematics
115,py5byOOHZM8,Statistics and probability
116,6saYBeHzArE,Geometry
117,HNlpx7v7T5g,Number theory
118,C6kn6nXMWF0,Geometry
119,k3aKKasOmIw,Statistics and probability
120,8howrlJVyxw,Algebra
121,KqFWHdaDyXM,Number theory
122,JnpqlXN9Whw,Number theory
123,86iU3fypTd4,Geometry
124,IFqna5F0kW8,Theorems and proofs
125,kmVfZ9o-2gg,Measurement
126,To_HvVM-ECE,Number theory
127,WYijIV5JrKg,Calculus
128,5sKah3pJnHI,Number theory
129,Rcb7ZUTOQ1I,Geometry
130,pyftYzmOwr4,Geometry
131,2h8XiqSnzaU,Number theory
132,JGFSEj-oxq4,Logic & Discrete maths
133,0Be_6Qaq1es,Calculus
134,AYnJv68T3MM,Statistics and probability
135,kCW3v5RMTZg,Geometry
136,cA6-tXehGFs,Calculus
137,lwQsaYBPRbE,Algebra
138,w9Pj48Pn2XU,Number theory
139,sg-7bRPt_fQ,Measurement
140,Mst8iZjIpFE,Number theory
141,3wjLGV9ibII,Geometry
142,UkjgJQaGx98,Calculus
143,z400r4gCoU4,Exploratory mathematics
144,t-ZtoNhEYWQ,Geometry
145,QKHKD8bRAro,Theorems and proofs
146,E9_d_ET9yjI,Trigonometry
147,52tpYl2tTqk,Calculus
148,nJqyr8h22nY,Number theory
149,gSEYtAjuZ-Y,Statistics and probability
150,dWXIx5Th86s,Geometry
151,e4MSN6IImpI,Exploratory mathematics
152,zPCljb4rpcQ,Geometry
153,mDwN1SqnMRU,Logic & Discrete maths
154,mt6Nq0dzFjo,Calculus
155,w4zqR7GhrqQ,Geometry
156,VBinUUGwB2I,Trigonometry
157,PNYzQypZr-g,Geometry
158,DGKwdHMiqCg,Geometry
159,sG_6nlMZ8f4,Geometry
160,AYOB-6wyK_I,Exploratory mathematics
161,Nu6QUnlH79U,Logic & Discrete maths
162,thrx3SBEpL8,Number theory
163,_qyVzH3e1dY,Algebra
164,WipYqupv9wY,Algebra
165,z1iN_fD4UCg,Number theory
166,PJHtqMjrStk,Number theory
167,7xovCxIfDGE,Geometry
168,xa39G3aNPfo,Statistics and probability
169,-h3Oqhl8fPg,Number theory
170,-LGnjhQaJSw,Number theory
171,I6TBBzIvgB8,Algebra
172,cLP7INqs3JM,Number theory
173,JMjE9UTXioQ,Exploding Dots
174,paQ10POrZh8,Exploratory mathematics
175,LsXKJkmPmZM,Geometry
176,fxTsG4qkz1U,Geometry
177,dUhleJQ6QV4,Statistics and probability
178,HKQKjbdYNkA,Measurement
179,JJZDgjFRPXo,Measurement
180,bibPvcyNbdM,Geometry
181,KtT_cgMzHx8,Statistics and probability
182,Sl7E2m84Pf4,Algebra
183,VZ0jG3W53nE,Statistics and probability
184,Q4ihOCocaVw,Computer Science
185,DKh16Th8x6o,Number theory
186,mL91a26bsiY,Geometry
187,GWtlt3Rq2SU,Geometry
188,D269kESwjNU,Algebra
189,8wqx5FOsSKg,Geometry
190,RWbLzSMe_Uw,Geometry
191,X1E7I7_r3Cw,Number theory
192,3EB75Dy4dFE,Measurement
193,0MiWMY0OlvI,Number theory
194,2M9w79Y5Wn0,Exploding Dots
195,1E4GUE1har0,Number theory
196,VbtNy54ya9A,Statistics and probability
197,RYlD3TElQyw,Statistics and probability
198,-Liq8hlGeOk,Number theory
199,gB9n2gHsHN4,Exploratory mathematics
200,9Uc62CuQjc4,Algebra
201,jnxCLjgVY8Q,Geometry
202,IHZwWFHWa-w,Statistics and probability
203,Dgcoa2yAUfw,Calculus
204,DrNns2fsRKw,Geometry
205,NB8dr9FjuxQ,Exploratory mathematics
206,NjpFjLo0QQc,Number theory
207,VWHHZAszbzQ,Algebra
208,gNqmI0f16QI,Geometry
209,QLGATwUoAXA,Geometry
210,4G_FmNm4BS0,Geometry
211,CaasbfdJdJg,Number theory
212,IidwVzW4rTA,Calculus
213,dbxJ6LD0344,Number theory
214,z3rUn1Urj4Y,Algebra
215,4F6cFLnAAFc,Number theory
216,y5yNi08cr6I,Geometry
217,0FezL36hK4E,Number theory
218,Kgudt4PXs28,Statistics and probability
219,QIO2F_R4btA,Geometry
220,ygey0KMxIIc,Geometry
221,1otVf_HXLN8,Geometry
222,QXoQbWoIiRE,Statistics and probability
223,NjCIq58rZ8I,Number theory
224,mA2TT0NkRR0,Geometry
225,1pSD8cYyqUo,Statistics and probability
226,pZEmFSP3Z0I,Number theory
227,kspg_cObO1s,Geometry
228,cIVpemcoAlY,Trigonometry
229,P0idBBhGNgU,Mathematicians
230,Mn5NodgWUgw,Geometry
231,DxxM4e2X-3s,Number theory
232,pSTa8a36RCU,Geometry
233,0JW9P_T4P_Y,Algebra
234,FXgV9ySNusc,Algebra
235,KXZ6w91DioU,Geometry
236,O4ndIDcDSGc,Mathematicians
237,jFazrvLodrA,Number theory
238,5ywif1Zpeo4,Algebra
239,e15GF1af6VA,Statistics and probability
240,MvA2QP5r9Xw,Number theory
241,lXwQEhu410c,Statistics and probability
242,S3IEeCyUWWA,Number theory
243,lI5NK7WKQOQ,Geometry
244,39OHW0nYfN0,Geometry
245,3LPy1--FJ9I,Number theory
246,xCdxURXMdFY,Geometry
247,ineO1tIyPfM,Number theory
248,TeE-ypKj8ZI,Statistics and probability
249,ywJifQBqdWg,Theorems and proofs
250,5xtXAsR-fRQ,Algebra
251,yMzNaqdxiZY,Logic & Discrete maths
252,2dbasvm3iG0,Measurement
253,y2RHWA7t0WM,Measurement
254,tuvwyrIbQ6Q,Number theory
255,LvByEdtMm3o,Algebra
256,4lkq3DgvmJo,Number theory
257,Vr1XlSra2uM,Number theory
258,7v1koVqwXK4,Algebra
259,AmN0YyaTD60,Geometry
260,y4B_EC5MNS8,Algebra
261,O7hsq9de_40,Geometry
262,QuX4XrmIsHQ,Number theory
263,pLInn6DZvo4,Geometry
264,28XOttw3Brs,Calculus
265,fjMU-km-Cso,Computer Science
266,IGlGvSXkRGI,Exploratory mathematics
267,yYxzq_O18Mg,Calculus
268,ijbuU75wiVo,Statistics and probability
269,ZtPsWriHwa8,Number theory
270,UH0HuxtBhEM,Algebra
271,rVF_08ItvOU,Exploratory mathematics
272,eMPspP_Rkio,Statistics and probability
273,SynLB0z7k2A,Exploding Dots
274,Y6x06SBbEcA,Number theory
275,hcYYmpUIjQQ,Number theory
276,oydj9zMLjIE,Number theory
277,p-0SOWbzUYI,Theorems and proofs
278,bv-X0TiVuBQ,Number theory
279,ctC33JAV4FI,Theorems and proofs
280,bf7zXiPyczQ,Geometry
281,V7mECV0M1ys,Number theory
282,LzjaDKVC4iY,Number theory
283,o_SeNKNnaBw,Geometry
284,T5Qf0qSSJFI,Number theory
285,-imFslMIN1g,Number theory
286,6nSfJEDZ_WM,Number theory
287,JPlnjLLXe2M,Exploratory mathematics
288,HdU_rf7eMTI,Number theory
289,9ubEYX7raoM,Geometry
290,0vhZS5CPsyI,Geometry
291,fs7fz3MLpC8,Logic & Discrete maths
292,NybHckSEQBI,Algebra
293,2_NZ1ql8B8Y,Geometry
294,spUNpyF58BY,Trigonometry
295,S2ec2wpYJ_0,Exploratory mathematics
296,hKkBlcnU9pw,Number theory
297,AqW7HpbxH8U,Exploding Dots
298,A8NoBcYQJ1U,Trigonometry
299,v-6MShC82ow,Statistics and probability
300,XMJ72mtMn4Y,Geometry
301,68enNRhFORc,Calculus
302,GvCfD-8vWM0,Exploding Dots
303,oi2mrzVu0AE,Calculus
304,gsYEe-JxS5k,Number theory
305,FMYKfATSnoc,Exploratory mathematics
306,bxHbMiTTNag,Geometry
307,7cBRXayBNr4,Number theory
308,ZiTGmF4LqhY,Trigonometry
309,qDc_-GTipBk,Number theory
310,uf2ChRpFTZk,Theorems and proofs
311,IF0p1GhJE78,Exploding Dots
312,-u-O_2Hz82I,Geometry
313,83ofi_L6eAo,Algebra
314,b8EQnQ0SPYs,Geometry
315,GEuyDHMG0jY,Geometry
316,UPA3bwVVzGI,Number theory
317,Uf-Rl1e2I4Q,Measurement
318,WkmPDOq2WfA,Exploratory mathematics
319,KCnbsR7nWyI,Geometry
320,E9GpfHQcdBg,Statistics and probability
321,9Xy-Bbzvlls,Algebra
322,kvLjpQ0XGao,Number theory
323,xP0q3WOBRks,Logic & Discrete maths
324,DhPtIf-hpuU,Number theory
325,0YErxSShF0A,Algebra
326,vxHrfIom-YA,Number theory
327,bvglHQk-Ygs,Exploding Dots
328,GyN-qpVfOWA,Statistics and probability
329,PwDnpb_ZJvc,Number theory
330,Swm8tTLWirU,Number theory
331,80LA3zcmabY,Geometry
332,tsTItgnbqSk,Geometry
333,odfhFSnLaaw,Geometry
334,L-jh5fVhKuQ,Geometry
335,9XidOM0a4p8,Geometry
336,37SZqzfRKGg,Geometry
337,j5jkWFy323U,Geometry
338,fDMxOiS5g7k,Algebra
339,WgW_KwtBvro,Geometry
340,bbxO4HdCW5A,Geometry
341,ypp-ex99Sso,Statistics and probability
342,k37eIFf24fk,Geometry
343,F-wVOsbR1Zw,Measurement
344,0mKmYxuMirE,Geometry
345,Lp6t3PyT-Cg,Geometry
346,SfbjqVyQljk,Number theory
347,ViuCmrmjDBA,Calculus
348,AMWLONeZmbo,Trigonometry
349,ZNiRzZ66YN0,Exploratory mathematics
350,XMriWTvPXHI,Geometry
351,9xSgKqTxZbg,Geometry
352,3xyYs_eQTUc,Number theory
353,6wFTvYswogA,Geometry
354,iwo7JReFTeg,Geometry
355,CzghDI_6Gqs,Number theory
356,otzb_GkRiqQ,Geometry
357,d4KBMxwj5yQ,Exploding Dots
358,k5etrWdIY6o,Geometry
359,gK9OgZ6eLx0,Geometry
360,6dUuBXV1drA,Statistics and probability
361,V3uNDe_i_1Y,Exploratory mathematics
362,_7sRiRxRhVQ,Number theory
363,8M0KwcND6a4,Calculus
364,BKh3gk4j0zA,Number theory
365,Wc5guJLDDqs,Geometry
366,dAgfnK528RA,Number theory
367,seUU2bZtfgM,Number theory
368,1I2IOx_x408,Calculus
369,JutzksM5PN4,Trigonometry
370,FEPXaoNVC-0,Number theory
371,h5XXu1tijXo,Number theory
372,AGFO-ROxH_I,Measurement
373,y9IKpjK93rg,Number theory
374,EFVrAk61xjE,Exploratory mathematics
375,ZUQ44XHkTPU,Geometry
376,6o_S7u7Ddx4,Algebra
377,x8-3OlB3G0M,Calculus
378,UClsMpLG_mg,Logic & Discrete maths
379,UuxsRlnXm0M,Geometry
380,tWRwgokr5uI,Geometry
381,PgxIad4c1ZI,Geometry
382,awUUQAISrxg,Measurement
383,XXjlR2OK1kM,Statistics and probability
384,y8DF4GxgiBs,Measurement
385,LglTy96144c,Number theory
386,n-v6pmZzxL0,Algebra
387,N4kDzoQOngY,Measurement
388,SIHFCPoFbIs,Geometry
389,DTUV5W0oh54,Measurement
390,udxwP26gTwA,Theorems and proofs
391,v03ndkXqAPQ,Exploding Dots
392,8gSRDfSu9wo,Geometry
393,kwh4SD1ToFc,Number theory
394,SG1bGeP8OP8,Number theory
395,T-aCweuimis,Geometry
396,JmyLeESQWGw,Number theory
397,ylwq3All8ho,Theorems and proofs
398,s0IOtwKMaEQ,Geometry
399,psvYu7S-8NU,Algebra
400,xBJuf6Yvm3I,Number theory
401,5Yy_unGaD-w,Statistics and probability
402,EbCnJjUzXX8,Calculus
403,2flgolt6zsw,Exploding Dots
404,_DBllkBoErY,Trigonometry
405,g3LrOw1JMi8,Logic & Discrete maths
406,YeGATHHzNPA,Geometry
407,Yr53Ji4SZDg,Geometry
408,MG6gdBqQoYA,Exploding Dots
409,WRsAQpFoEg0,Trigonometry
410,Pj8Zh0A-uLU,Algebra
411,qyTFvx_ZVOs,Measurement
412,r9LYqfqssS0,Number theory
413,qAs50nzzrP4,Geometry
414,m5C8tIE2hv0,Geometry
415,imcooZyo4vE,Number theory
416,zanbFvLN3Go,Calculus
417,e0Fgyca6WCw,Geometry
418,w7--f3Jf-vo,Measurement
419,ebEkn-BiW5k,Statistics and probability
420,AALwyB5KSjs,Number theory
421,do_IbHId2Os,Measurement
422,N-Y0Kvcnw8g,Number theory
423,klkBxP3CZiE,Geometry
424,sy_2fpY5x7w,Number theory
425,Zvg_ahjd9EI,Geometry
426,d614Wg3EjqI,Number theory
427,J8rk1d2_Edw,Statistics and probability
428,HIELx5sm5k0,Geometry
429,ENKH97PYssg,Number theory
430,4Y9D0v0x4H8,Geometry
431,TpiVThfRl0I,Logic & Discrete maths
432,Lvr2YsxG10o,Measurement
433,q4vEI4mk8g0,Number theory
434,M7e-LByl_68,Geometry
435,s7NKLWXkEEE,Algebra
436,YS2K2SpvVIA,Geometry
437,hB6bfw622fo,Exploratory mathematics
438,-y1Ob0K63hc,Calculus
439,GIMMX55C9iU,Geometry
440,MaXfdPOheCA,Number theory
441,bU93aSJKMGw,Statistics and probability
442,6RMN5Pf1fHU,Geometry
443,0lvT7eF3Zks,Geometry
444,fyOKqQKpOvM,Geometry
445,y8acoaakvPM,Number theory
446,wuirukH_rg4,Exploratory mathematics
447,H18pyUN4U1M,Geometry
448,ngUyyFd86FQ,Statistics and probability
449,LPgAK7whEuw,Number theory
450,WcN2IW5VI5U,Exploratory mathematics
451,G2hsSMhCgAY,Geometry
452,sWgHtiTSywc,Algebra
453,i_0DXxNeaQ0,Statistics and probability
454,HKQbhpIwjrU,Trigonometry
455,IaoZhhx_I9s,Geometry
456,mxBoni8N70Y,Logic & Discrete maths
457,MPYNEYeLYaQ,Geometry
458,O8uXcewZJlw,Measurement
459,Z6cwpsDC_5A,Algebra
460,kISbq2p8ZOs,Number theory
461,3sjUOQLhsRY,Algebra
462,07DxrU5ZCEc,Calculus
463,4LYtLMmDuzw,Number theory
464,x8lx6AGnTXE,Exploding Dots
465,wCyC-K_PnRY,Algebra
466,jYf1kHEFAJ0,Statistics and probability
467,NY2zWGBXBhU,Statistics and probability
468,lmVxsjIbJhE,Geometry
469,Ce64D_yGDvY,Geometry
470,co5sOgZ3XcM,Calculus
471,9IUI3jtSEWU,Geometry
472,34tf3xSVKbw,Calculus
473,SxP30euw3-0,Statistics and probability
474,mkyZ45KQYi4,Statistics and probability
475,ua1K3Eo2PQc,Number theory
476,NajQEiKFom4,Exploratory mathematics
477,D6-lt-XgoG8,Number theory
478,MjAcASWqZS4,Algebra
479,15sLPp0YvQk,Number theory
480,aet_fPvVVv0,Logic & Discrete maths
481,hPV9RZkeRq4,Algebra
482,-N8J9R6_oqY,Calculus
483,dz5YpNFuhRQ,Trigonometry
484,OWq4UubK1FI,Number theory
485,qZ736F8ljYU,Theorems and proofs
486,9CxWFKfDvxQ,Number theory
487,gLWphGTjGHI,Number theory
488,w8QIjk_2i2w,Geometry
489,m4CjXk_b8zo,Theorems and proofs
490,nmaUyeKpwSM,Number theory
491,itaMNuWLzJo,Statistics and probability
492,XnEqfTjp66A,Number theory
493,vHYI93UV5Kg,Logic & Discrete maths
494,KU-Mkz9PFOo,Geometry
495,stgYW6M5o4k,Statistics and probability
496,DKC74YKJpNY,Algebra
497,QV9k6dRQQe4,Exploratory mathematics
498,Mdqt5EknXBg,Statistics and probability
499,N5vJSNXPEwA,Number theory
500,vCz_j47uK2U,Geometry
501,17IgK9b6P2M,Number theory
502,8Wxw9bpKEGQ,Algebra
503,rX8ZBP3nXvI,Number theory
504,RaFyvZW6Epw,Calculus
505,JykAGBSgCjY,Algebra
506,l3XzepN03KQ,Algebra
507,wqnpSzEzq1w,Calculus
508,0nFdIrJkd5Q,Measurement
509,5d_3IEofXfY,Statistics and probability
510,trOxUvdmDy8,Measurement
511,gzYk192apRw,Statistics and probability
512,SxMX18EniNw,Algebra
513,-QBJtmEVg9s,Geometry
514,Uq9OXC0Gzgw,Geometry
515,9ep48wATy7s,Geometry
516,3xbormMmuK4,Calculus
517,nhtUs6D0qUk,Algebra
518,B0ZcAWEvjCA,Exploratory mathematics
519,gNhVocsgQiE,Number theory
520,a4k7POs-J44,Number theory
521,UtgAAy-XvCQ,Measurement
522,PaA-g_z_E2E,Geometry
523,HMpSKjK9clA,Theorems and proofs
524,Dh-1POIy6CU,Number theory
525,IrvEHVn-fks,Measurement
526,IelS2vg7JO8,Geometry
527,nUyLnjgGumg,Number theory
528,NGztSAt5kGQ,Exploratory mathematics
529,4ywTWCaLmXE,Number theory
530,eVm063xmnow,Algebra
531,oYGvNlaxnbw,Geometry
532,Jni7E2RH43s,Trigonometry
533,hr3UtZJF_vE,Number theory
534,Htza-E2dQSY,Geometry
535,BRRolKTlF6Q,Number theory
536,Y6M89-6106I,Number theory
537,JgxkYThz-DA,Calculus
538,1k0G-Y41jRA,Geometry
539,gS6TfWUv97I,Number theory
540,g1zfBqtjh2g,Algebra
541,DvCsRs6sSRQ,Geometry
542,adJhDvw4QZY,Calculus
543,4vfAbIucc-8,Statistics and probability
544,YlGbU21AcQM,Algebra
545,V2N7-wOm9Zw,Algebra
546,eNrl-wBuPDg,Geometry
547,FYuA4AVoiiw,Geometry
548,4JcVCHQLgh4,Measurement
549,qynN6pMCsj8,Number theory
550,WBW32VvQr6E,Theorems and proofs
551,eFZOnAcuVLM,Algebra
552,AwzWp7mWrtg,Algebra
553,SPM1gfc2fBE,Geometry
554,o5HSxPQoY8g,Number theory
555,k1ZFZ3hTftg,Statistics and probability
556,44kYhWmhJyI,Geometry
557,xyVJZKu7Euw,Geometry
558,9xbJ3enqLnA,Number theory
559,4LQvjSf6SSw,Exploratory mathematics
560,sKTKcPflcAY,Geometry
561,Wf-HlVqZPHY,Number theory
562,gmimpKjIgd4,Number theory
563,LRaAxqQi42U,Algebra
564,CwIAfkuXc5A,Number theory
565,dvwf8DvNHT4,Calculus
566,vrjeuvHQatA,Number theory
567,mgx0kT5UbKk,Algebra
568,Zxm4Xxvzohk,Statistics and probability
569,y12Tt3bOmKA,Logic & Discrete maths
570,852yX-5-_N4,Measurement
571,DvZnh7-nslo,Exploratory mathematics
572,IBIJ6tUZKK0,Geometry
573,1aa8gZG0L_c,Calculus
574,q8n15q1v4Xo,Number theory
575,jexMSlSDubM,Measurement
576,XFDM1ip5HdU,Exploratory mathematics
577,M23a_RLRrbs,Geometry
578,qWcfiPi9gUU,Statistics and probability
579,4Lb-6rxZxx0,Statistics and probability
580,yuIX6r4tEv8,Exploratory mathematics
581,97svwzwRb3c,Algebra
582,Nu-lW-Ifyec,Number theory
583,RS6qmQXP8fc,Trigonometry
584,IJ0EQCkJCTc,Number theory
585,cBBTWcHkVVY,Computer Science
586,hfSj6_pkDq4,Calculus
587,zXoJlRFbktw,Geometry
588,TErJ-Yr67BI,Geometry
589,3v6mYNPyDoY,Statistics and probability
590,o6KlpIWhbcw,Geometry
591,Lh5APSELKBI,Geometry
592,f3w7sD_S9w8,Statistics and probability
593,qcuc3rgwZAE,Computer Science
594,XwIs1nlDQ2I,Algebra
595,2QMwh2dIo98,Geometry
596,hqr1DtXXHpY,Number theory
597,DxRdiShkw5I,Number theory
598,1VSun4wX7UQ,Geometry
599,VnWRk0jk5JM,Number theory
600,nWy2lz-xD-Q,Geometry
601,8l-La9HEUIU,Number theory
602,zR1_RSh0sgU,Number theory
603,QR2vxfwiHAU,Geometry
604,CA8sbnH9eJE,Number theory
605,gBbHym3y_NM,Geometry
606,y92Ea2vW5xc,Algebra
607,7JOn2K8q6gM,Geometry
608,IV_m_uZOUgI,Statistics and probability
609,gO8jx3ljWqs,Geometry
610,BiagrTl2y4o,Geometry
611,tJ5sLuRorIM,Trigonometry
612,bAerID24QJ0,Algebra
613,dux1TBAmndM,Number theory
614,W_t9m1MLamw,Measurement
615,puku5vUCOcE,Number theory
616,GbfIAJV4DnU,Geometry
617,JGU74wbZMLg,Trigonometry
618,CJ3mHDHOIOY,Geometry
619,XGbOiYhHY2c,Number theory
620,OAoLCXpao6s,Number theory
621,h7ZAQfNh8XA,Geometry
622,ai_GZnVY5Qo,Geometry
623,iulx0z1lz8M,Algebra
624,wblW_M_HVQ8,Theorems and proofs
625,JXwNu5J_-TU,Geometry
626,ZPv1UV0rD8U,Algebra
627,nBHKHF7zfk8,Geometry
628,tYv-Pchyu0Y,Number theory
629,DIjlllgq3dc,Statistics and probability
630,l_KW_pRkEzg,Geometry
631,sJVivjuMfWA,Number theory
632,Cld0p3a43fU,Calculus
633,yVquId7xJQY,Trigonometry
634,B1HEzNTGeZ4,Statistics and probability
635,Smh41VANtVE,Geometry
636,oFfef_cS9l8,Exploratory mathematics
637,FI65V6MqETQ,Trigonometry
638,eEQMNczG5K0,Exploding Dots
639,9v8Gd3E7H8s,Statistics and probability
640,ET2LyLsCGQE,Geometry
641,eEooTqhR7Js,Geometry
642,xMj3jzFDZ38,Number theory
643,HZVFRkEDvkQ,Geometry
644,DuYgVVU_BwY,Logic & Discrete maths
645,CcrzyOqFmTU,Measurement
646,YNutS8eIhEs,Geometry
647,DK5Z709J2eo,Calculus
648,2VrXRiHxYsk,Number theory
649,3cdT-e-y7lM,Algebra
650,KPZnoF0V9ZI,Number theory
651,CiH2_YJJCRs,Logic & Discrete maths
652,8t1TC-5OLdM,Number theory
653,PhLc6B5WXtc,Geometry
654,e7JX4Rjk44g,Number theory
655,ZMLFfTX615w,Number theory
656,aUWUBGhAPM8,Calculus
657,_9NGZH-uTWE,Number theory
658,a9kIVL-laYE,Statistics and probability
659,eTSVTTg_QZ4,Algebra
660,9k9xL9w7-3w,Number theory
661,4DETMhTC0H0,Geometry
662,UN0nOrs_4EY,Geometry
663,04N79tItPEA,Geometry
664,O7R63RW8iPw,Statistics and probability
665,J0KKBJcSsFo,Number theory
666,w9jEq6dmqPg,Geometry
667,og9tGNJZf8Q,Exploding Dots
668,3K-12i0jclM,Number theory
669,pjFE00S6F2k,Statistics and probability
670,CE8UhcyJS0I,Computer Science
671,xdEn5tiIMpQ,Number theory
672,ClYdw4d4OmA,Number theory
673,YB1XuQ1Pc5s,Algebra
674,tFhBAeZVTMw,Geometry
675,Qn8TuzrEeRo,Number theory
676,dTWKKvlZB08,Number theory
677,Y2-tz27nKoQ,Measurement
678,qmfXyR7Z6Lk,Number theory
679,PN-I6u-AxMg,Exploratory mathematics
680,PEMIxDjSRTQ,Theorems and proofs
681,D2xYjiL8yyE,Calculus
682,QRS7wNhM78M,Statistics and probability
683,X9mtb1j21to,Number theory
684,zzPn-Op12Dc,Statistics and probability
685,5oHJcmYbHvA,Number theory
686,L02RYFevH-Q,Exploding Dots
687,QxVlJskOJAk,Number theory
688,G8cD5NMOMcs,Algebra
689,03Iyfk_dvZU,Geometry
690,rfG8ce4nNh0,Calculus
691,XtSqJzZVnmk,Geometry
692,wo7DSaPP8hQ,Theorems and proofs
693,47wjId9k2Hs,Number theory
694,UQ3a2QH_-GU,Calculus
695,A8tpDsIsFyA,Trigonometry
696,QhDDpSju3uY,Number theory
697,7aFpLycMpFQ,Geometry
698,-LWhtRg0Bo4,Geometry
699,SL2lYcggGpc,Exploratory mathematics
700,xC-fQ0KEzsM,Statistics and probability
701,7-pdYSmROQQ,Algebra
702,QAMXSU40ZgA,Number theory
703,AgbW1_RnSOU,Logic & Discrete maths
704,IxNb1WG_Ido,Trigonometry
705,_n1126GoxbU,Geometry
706,DHA4EkVyT4w,Logic & Discrete maths
707,v-pyuaThp-c,Algebra
708,GEId0GonOZM,Logic & Discrete maths
709,ZKwqNgG-Sv4,Computer Science
710,PVM4UvrYRqo,Geometry
711,digoW9eIMw4,Number theory
712,EWs_1tp-1e4,Computer Science
713,jfj63DWkggo,Number theory
714,FPNhCVZlbJs,Measurement
715,yIRFON453Cg,Calculus
716,5ZCXfxCMnZs,Statistics and probability
717,U6xJfP7-HCc,Number theory
718,_s5RFgd59ao,Algebra
719,bhMyvC7o97Y,Geometry
720,RvtdDA4RgQE,Trigonometry
721,6y4cM43J6-U,Number theory
722,AzJs36FqkGU,Geometry
723,WT1ZqSx9Qdw,Exploding Dots
724,KlqRk6Yzuu8,Exploding Dots
725,JdLQpdy3eDA,Number theory
726,-UnNRGF8R40,Geometry
727,7Qy_mX9s6k0,Geometry
728,c8jh-rruUAU,Algebra
729,NoRjwZomUK0,Exploratory mathematics
730,5moXWwJ0n44,Exploratory mathematics
731,YKfYBNpFJJ4,Number theory
732,BEz-vGJvaik,Exploratory mathematics
733,AMXIC2E-I34,Geometry
734,Lxk0OLUzhr0,Number theory
735,qmeW-vwrVRo,Geometry
736,qPRGtIlqpG8,Measurement
737,yiREqzDsMP8,Geometry
738,JuzIWhyNUcc,Geometry
739,QJYmyhnaaek,Number theory
740,GiGLhXFBtRg,Geometry
741,x-trHUobL2Q,Number theory
742,xGOQYTo9AKY,Algebra
743,SpGFEwGm_Yg,Statistics and probability
744,bBC-nXj3Ng4,Computer Science
745,5CeBlu260Rw,Geometry
746,bG7cCXqcJag,Number theory
747,7QMoNY6FzvM,Logic & Discrete maths
748,rwDgfxTulpI,Geometry
749,whYqhpc6S6g,Geometry
750,I6hz8mhaRB0,Logic & Discrete maths
751,z8vj8tUCkxY,Trigonometry
752,4F_FVwAfX0I,Number theory
753,O-cawByg2aA,Geometry
754,Ohp1PpzrRhE,Statistics and probability
755,GmS-p1S_t5E,Geometry
756,-9OUyo8NFZg,Trigonometry
757,6agzj3A9IgA,Algebra
758,1hyvHQ78nl4,Trigonometry
759,GTwrVAbV56o,Geometry
760,m6A2a2K8h8U,Theorems and proofs
761,K0Nqpf7Dcrc,Exploratory mathematics
762,QncgmzH6yQU,Geometry
763,Be1cIyq9uBA,Number theory
764,03G5_hM5GfM,Geometry
765,7g69wLn0UjI,Geometry
766,IQofiPqhJ_s,Number theory
767,P3TIC3ROf2I,Algebra
768,hX-BsyXGyb8,Statistics and probability
769,bq9mhjsQEPw,Number theory
770,W21HgSUt8vI,Calculus
771,El7zOrCDzBs,Geometry
772,7IyN_HrQx20,Trigonometry
773,0671cRNjeKI,Geometry
774,D9KDywbROHw,Measurement
775,K1h8Cy18NpM,Algebra
776,o-ZbdYVGehI,Algebra
777,YvjkPF6C_LI,Algebra
778,nBdWxsm6x5M,Number theory
779,G-T_6hCdMQc,Trigonometry
780,q8k-sS7qRts,Trigonometry
781,CfJzrmS9UfY,Statistics and probability
782,slQu7igTMWU,Algebra
783,xPVcgv99KQA,Exploding Dots
784,H4akM87VZm8,Geometry
785,0LtGYuhUWC4,Statistics and probability
786,DiBwg5cNP84,Measurement
787,jPcBU0Z2Hj8,Exploratory mathematics
788,Sdt2aQjGY_g,Statistics and probability
789,9Y7gAzTMdMA,Number theory
790,f1yDExNAEMg,Number theory
791,KG6ILNOiMgM,Number theory
792,5bTpePubSqw,Number theory
793,7jlhIclKQZs,Number theory
794,v8uXUIOKGYA,Geometry
795,B7vDa7PNfJ8,Geometry
796,o6W6P8JZW0o,Geometry
797,30X37X1uk2o,Number theory
798,Dd81F6-Ar_0,Number theory
799,8NSwGvpbr2k,Geometry
800,63HHmjlh794,Exploratory mathematics
801,E2lGlZWoRr8,Geometry
802,81SseQCpGws,Logic & Discrete maths
803,0S5VfMNqgaM,Algebra
804,JfqLblHox3o,Geometry
805,3Ixp3PeAErI,Geometry
806,jrTnz37AboE,Exploratory mathematics
807,Uz2LMtUUEGw,Number theory
808,4mEk7d8oRho,Geometry
809,JZCD5r6WUvQ,Algebra
810,Ok1by1WmmUc,Exploding Dots
811,BZxZ_eEuJBM,Number theory
812,J51ncHP_BrY,Geometry
813,GTx-rXTQg1o,Number theory
814,3xwDryouw6o,Number theory
815,pxVAWYOe34c,Trigonometry
816,dNRDvLACg5Q,Computer Science
817,SSNA9gaAOVc,Algebra
818,GTZ4OzC1s1c,Statistics and probability
819,WUvTyaaNkzM,Calculus
820,IsvdlrVpQAo,Algebra
821,GSnf0E3t5CM,Geometry
822,Xt_i0Y6c0Ww,Statistics and probability
823,60btq9PN8IM,Algebra
824,V6Xynlqc_tc,Geometry
825,9tzsQMTeISU,Exploratory mathematics
826,cyW5z-M2yzw,Exploratory mathematics
827,bcp9pJxaAOk,Geometry
828,bFOkt9zQZGg,Number theory
829,SCljAW5C-qY,Geometry
830,LGqBQrUYua4,Number theory
831,GbQQcrwYHt0,Geometry
832,QSEKzFGpCQs,Number theory
833,_0x7uCiC0Uc,Computer Science
834,d0Z8wLLPNE0,Calculus
835,d9pO2z2qvXU,Number theory
836,5juto2ze8Lg,Number theory
837,pAHdpFNcS6o,Geometry
838,MFytqBe7VDE,Trigonometry
839,NqbkvEK46xM,Measurement
840,UH7KGc0hENE,Measurement
841,AZroE4fJqtQ,Algebra
842,0s4qX1wBuJw,Calculus
843,LU3R2JE5c_U,Number theory
844,zDjJ-6sr7xI,Theorems and proofs
845,QFTDofic0Ek,Measurement
846,RVYwunbpMHA,Number theory
847,AtBUQH8Tkqc,Number theory
848,_n3KZR1DSEo,Geometry
849,0KjG8Pg6LGk,Algebra
850,OLHqRt8GJJY,Statistics and probability
851,xmjy-0TxgI8,Calculus
852,2MNalT1g3m8,Exploratory mathematics
853,V-Q6jBYn3Oc,Algebra
854,Q33F9vyis1g,Exploding Dots
855,m9Hf36rOhYc,Statistics and probability
856,9teKXGoWIQM,Algebra
857,xueJ4hH-lr0,Number theory
858,1jz7S1Cefsk,Measurement
859,QRyi_q85RyQ,Logic & Discrete maths
860,kWndpHMpUlY,Number theory
861,3hwvcs3DubE,Geometry
862,EDauz38xV9w,Statistics and probability
863,M-i9v9VfCrs,Exploratory mathematics
864,XeCxmaIv588,Algebra
865,2kfPL98h-mQ,Calculus
866,-CWJIGc5Msk,Geometry
867,XS4xSytnAm8,Geometry
868,I5zZMBzUZfk,Geometry
869,ZfKTD5lvToE,Number theory
870,FI1pSWfBtvQ,Measurement
871,FMMZk9reas8,Geometry
872,q5ozBnrd5Zc,Number theory
873,TDXSE4s9b84,Geometry
874,YQ4Kv6zdOe0,Geometry
875,3vN-6DA79N0,Algebra
876,gryB2leF6e0,Geometry
877,wSeqzw7SbPY,Computer Science
878,prh72BLNjIk,Calculus
879,UPmJ9_X2BbE,Trigonometry
880,Q9vYvyvDzI8,Geometry
881,DAcjV60RnRw,Exploratory mathematics
882,sskf3tF2heU,Geometry
883,ZL79DZSYA8g,Geometry
884,3iMI_uOM_fY,Exploratory mathematics
885,jyLRpr2P0MQ,Measurement
886,4ve7OaCnDLs,Number theory
887,S9qr06pc_sk,Measurement
888,O2Z0YBv9aEo,Number theory
889,NsNaYwHtowA,Geometry
890,RbAaKAR5ErM,Number theory
891,0iMtlus-afo,Statistics and probability
892,kmzNfokSuHA,Measurement
893,UgiRvl6iJzc,Geometry
894,_qvp9a1x2UM,Number theory
895,b-MZumdfbt8,Number theory
896,Vu4x2DKn12g,Number theory
897,Ac4Z1VMsE3E,Statistics and probability
898,DMtFhACPnTY,Computer Science
899,FJ5qLWP3Fqo,Number theory
900,zzu2POfYv0Y,Calculus
901,2SUvWfNJSsM,Exploratory mathematics
902,8xdudWZx7PE,Measurement
903,4oNyyfBsWZw,Statistics and probability
904,DAikW24_O0A,Measurement
905,0Sx5aJoAkW8,Logic & Discrete maths
906,AJn843kplDw,Computer Science
907,5yOadRCaxOY,Number theory
908,3UlE8gyKbkU,Statistics and probability
909,Cd5C6YtP4dE,Geometry
910,NQSN00zL5gg,Number theory
911,eZgzCVnmSvI,Algebra
912,GMnxIBReDfQ,Number theory
913,ST2P6Sn3cuo,Geometry
914,g8E_aDYxj_U,Statistics and probability
915,gy8gmj7K7cQ,Calculus
916,aW0oqTAdmKc,Trigonometry
917,127MpSs0ZkY,Algebra
918,70UVUlobZyM,Measurement
919,VhokQhjl5t0,Calculus
920,rPLjlO9KDW0,Number theory
921,r9dn0yqc1u8,Algebra
922,GvyMUkxDbcE,Number theory
923,tm-_6sFdfk8,Geometry
924,bdMfjfT0lKk,Exploratory mathematics
925,GlSt9M3v6ik,Number theory
926,U-goOl49wRo,Geometry
927,SYM7YVcreMg,Theorems and proofs
928,nK-6NfelUaE,Geometry
929,NcADzGz3bSI,Number theory
930,O94fwp1E6Lg,Geometry
931,zMkVUEPoz4k,Geometry
932,QgPfagOgOAc,Number theory
933,JNPnE9qwKHM,Measurement
934,Idxeo49szW0,Trigonometry
935,ENIUcjdPO54,Number theory
936,Kwdf-GeKJ_4,Algebra
937,NaL_Cb42WyY,Number theory
938,UBuPWdSbyf8,Algebra
939,pUGx98S_i50,Number theory
940,uDzARGZQhjU,Measurement
941,vjOOhemquss,Geometry
942,03kgmv50gBM,Number theory
943,d8DAYzbmuBE,Geometry
944,6PkBllbG2HE,Geometry
945,8t2BDaszWmc,Exploding Dots
946,RvnGbWJzxAg,Number theory
947,EtM9p-Fojd8,Geometry
948,8-Co_nx7gUg,Geometry
949,ybc2QAtsLw4,Measurement
950,mIStB5X4U8M,Number theory
951,qiNcEguuFSA,Theorems and proofs
952,gVzu1_12FUc,Geometry
953,3MqYE2UuN24,Geometry
954,uYtoJmfxD7k,Geometry
955,OXXrsxA4f_4,Calculus
956,o5cq9BA_hlE,Geometry
957,bFNjA9LOPsg,Number theory
958,L81vWvqGvJ8,Number theory
959,hQl6BTmAUaU,Trigonometry
960,eQzKo-eNahA,Geometry
961,EcW-b-DrFWg,Number theory
962,oeSclkumBNY,Statistics and probability
963,85-PsYvWprA,Calculus
964,VkeSelRDlq8,Geometry
965,UbUdyE1_b9g,Number theory
966,-PEdvVgevNE,Measurement
967,-qlom70xZ90,Statistics and probability
968,9tlHQOKMHGA,Number theory
969,_QTFeOvPcbY,Geometry
970,Ay80IWC3MRM,Number theory
971,5ZHXzB28Kxc,Number theory
972,V3e7m-qFDFU,Algebra
973,twrfyZPZkrQ,Number theory
974,UeG_EYd-0xw,Algebra
975,X40ft1Lt1f0,Computer Science
976,vuoQ2CqgAeU,Geometry
977,Gh8h8MJFFdI,Number theory
978,_1r7WVh2Zgc,Exploratory mathematics
979,Kpnad_I138Y,Number theory
980,KxkMcZlohZg,Algebra
981,IQ5TuVdtKNU,Exploratory mathematics
982,2BgWWsypzLA,Calculus
983,d7rAlcNHDUI,Exploratory mathematics
984,A9xun5Le0uQ,Number theory
985,rR95Cbcjzus,Measurement
986,qJwecTgce6c,Geometry
987,BMOijTYM3Hw,Exploratory mathematics
988,GilfgIkM6wI,Geometry
989,wF2hUCrzT2g,Exploding Dots
990,nFS3uELWvOY,Geometry
991,bxe2T-V8XRs,Statistics and probability
992,yk6wbvNPZW0,Number theory
993,KTUVdXI2vng,Logic & Discrete maths
994,7DtWXEPB_AI,Statistics and probability
995,FGn2jtCjyvo,Measurement
996,mAvuom42NyY,Number theory
997,3oyUeiG_mt0,Logic & Discrete maths
998,0es0yhnSdU4,Geometry
999,eTDaJ4ebK28,Trigonometry
1000,5hKnWl1OK44,Calculus
1001,wShnYemIr28,Algebra
1002,-M0Fi0ijnJs,Statistics and probability
1003,sLeabhtuUmg,Number theory
1004,qQV05JbsoF0,Algebra
1005,FhSFkLhDANA,Geometry
1006,HrRMnzANHHs,Number theory
1007,FsGYV2CL3Fc,Geometry
1008,C-52AI_ojyQ,Measurement
1009,g_AMNnFEI_A,Number theory
1010,ulg_AHBOIQU,Computer Science
1011,rVhU8Vyhz7c,Number theory
1012,n0DLSIOYBsQ,Trigonometry
1013,lvAYFUIEpFI,Geometry
1014,8OzKe1wmAbY,Exploding Dots
1015,1UuiF3mskQA,Geometry
1016,Na3s6Foqzcc,Geometry
1017,tY69D3PSmIk,Exploratory mathematics
1018,eR_kQf-1fks,Calculus
1019,AqFwKecNaTk,Geometry
1020,LWc8b_A6BPQ,Geometry
1021,ggH8cKcPOHI,Exploratory mathematics
1022,CWhcUea5GNc,Number theory
1023,6qahSLDye2U,Measurement
1024,u2DLlNQiPB4,Computer Science
1025,81zcjULlh58,Statistics and probability
1026,h0HcVonB_rQ,Geometry
1027,nfrS95Ub23Y,Exploding Dots
1028,Pal-uS7onm4,Statistics and probability
1029,3lVLhZ3ds-8,Algebra
1030,zAHFNIjgm30,Number theory
1031,4EpI7UbQvUI,Algebra
1032,lubGnk0UZt0,Geometry
1033,UpUjJQGSlDY,Calculus
1034,_9Wvu-R04go,Logic & Discrete maths
1035,TTmkBrZYnJU,Geometry
1036,36v2EXZRzUE,Logic & Discrete maths
1037,tnkPY4UqJ44,Number theory
1038,MqUWS4o_nkY,Number theory
1039,frBJEYvyd-8,Number theory
1040,0N-yb-grHTY,Statistics and probability
1041,CHn_lLbnm8c,Measurement
1042,6_j2X6fgkaA,Exploratory mathematics
1043,ma0qXCyxiQo,Geometry
1044,i5dkilkfBv8,Statistics and probability
1045,2hIfnw6Yhqo,Number theory
1046,vkMXdShDdtY,Theorems and proofs
1047,bIKmw0aTmYc,Number theory
1048,2G_Jr_XpnY4,Number theory
1049,HjCWHwBk_vg,Exploding Dots
1050,lxjmR4pYIVU,Number theory
1051,AVScy7YsKM0,Algebra
1052,shEk8sz1oOw,Algebra
1053,K50cNmV8cJE,Exploratory mathematics
1054,MtqtIiJsfiE,Geometry
1055,Jm5Xl8xy6Wc,Algebra
1056,E2jyimV3qm4,Geometry
1057,EYKMLUxtRGY,Number theory
1058,VRV-HFvUVc8,Number theory
1059,F60TZWy4vIE,Algebra
1060,GORkx4AAX_w,Statistics and probability
1061,4IVoIuMsK0A,Algebra
1062,7WXijfIZh64,Calculus
1063,ysV6iF3Rmjo,Geometry
1064,Ag5_bfNGIno,Geometry
1065,3SE6tzEqnx0,Geometry
1066,A4hjCmNOxtU,Geometry
1067,-1MzoyzWxo4,Algebra
1068,wNcFAQHJWAU,Number theory
1069,R4OlXb9aTvQ,Computer Science
1070,DqoWOjzjoe0,Geometry
1071,Tz7TQljoiM8,Geometry
1072,x-Dqe5U1TXA,Number theory
1073,swbSsQsrBRE,Geometry
1074,PZOO7mIStnI,Measurement
1075,xcjgm6ctzAw,Computer Science
1076,WQo_F34vTj4,Statistics and probability
1077,Za7G_eWKiF4,Statistics and probability
1078,Kkc9EEznhzU,Calculus
1079,G7zT9MljJ3Y,Statistics and probability
1080,b-7kCymoUpg,Calculus
1081,jJqE0MveYKM,Algebra
1082,e4LuX48rD_k,Geometry
1083,BYRTvoZ3Rho,Exploratory mathematics
1084,wydlZ9lcEiQ,Number theory
1085,JyxRH18YlpA,Computer Science
1086,nUN4NDVIfVI,Theorems and proofs
1087,SDkjRzWWBS4,Exploding Dots
1088,sukb8ORaHr0,Theorems and proofs
1089,NgbK43jB4rQ,Theorems and proofs
1090,oR1ukNC1pvA,Geometry
1091,A3tQOGDxnwY,Geometry
1092,ZLzzb8XkhCk,Number theory
1093,eLR3zKxpcso,Algebra
1094,x0IaGTzYogU,Algebra
1095,zLzLxVeqdQg,Number theory
1096,Mkoc_TcPJAg,Algebra
1097,Ml8obLf4v08,Algebra
1098,uRkfAgQZAhY,Statistics and probability
1099,j3-XYLnxJDY,Geometry
1100,ij-EK-MZv2Q,Number theory
1101,EsLgiffa9Cc,Number theory
1102,lTJydnfGyyk,Statistics and probability
1103,3FManXv4mZM,Geometry
1104,5RzDVNob0-0,Algebra
1105,CecgFWTg9pQ,Number theory
1106,qRFX_HK-6Ik,Number theory
1107,17a443nL7Qw,Theorems and proofs
1108,DBSqdRmRyFs,Geometry
1109,UvI-AMAtrvE,Logic & Discrete maths
1110,8542XmS98Yo,Exploratory mathematics
1111,2RMCxVicu8Y,Measurement
1112,M-Y0p8xmMf0,Measurement
1113,CUKDzC5f6B4,Geometry
1114,Km024eldY1A,Exploratory mathematics
1115,dsySragIVEk,Number theory
1116,IvXgFLV2gOk,Algebra
1117,T23BbKHTH3o,Geometry
1118,4yfDM5zV6H4,Logic & Discrete maths
1119,aNpGxZ_1KXU,Exploratory mathematics
1120,5qfOkmUAfNQ,Measurement
1121,_jcW-ZgpRbM,Measurement
1122,e7NU6yzr5dA,Geometry
1123,AZL-z63HHx0,Algebra
1124,5kl28hmhin0,Number theory
1125,fPcQn5G1PFA,Geometry
1126,--vh9zgZZmQ,Algebra
1127,qSQyctFGMxc,Exploratory mathematics
1128,mtH1fmUVkfE,Statistics and probability
1129,wJ8KH-oKd9I,Number theory
1130,ZKKDTfHcsG0,Number theory
1131,6kuTrUO6Ahw,Geometry
1132,YG15m2VwSjA,Calculus
1133,JTHhJgecPS4,Number theory
1134,y3B2d7jZzrs,Geometry
1135,4EJay-6Bioo,Number theory
1136,xX1sqV1nSAQ,Measurement
1137,tJP61g9atfU,Theorems and proofs
1138,4ZpUjcLJEqw,Algebra
1139,m5evLoL0xwg,Geometry
1140,bY0i9Kmuyt4,Exploratory mathematics
1141,tvnOWIoeeaU,Algebra
1142,p4dJ1nkmAW0,Number theory
1143,RkxqLrK9veU,Number theory
1144,3YwrcJxEbZw,Number theory
1145,c6-FJRda_Vc,Number theory
1146,tboUQp2tAxw,Algebra
1147,86NwKBcOlow,Logic & Discrete maths
1148,CfBYGFm5gPA,Number theory
1149,T647CGsuOVU,Number theory
1150,njqrSvGz8Ps,Statistics and probability
1151,oJ7uOj2LRso,Geometry
1152,Pcgvv6T_bD8,Statistics and probability
1153,m1CEt5vO6s0,Logic & Discrete maths
1154,7JmTiTXn8Ag,Number theory
1155,mLeNaZcy-hE,Geometry
1156,5J4R9eC37Hg,Geometry
1157,ljROszF_rqs,Algebra
1158,C_iKTTI1E34,Number theory
1159,z8ZWlUamNPI,Exploratory mathematics
1160,JEHejQphIYc,Number theory
1161,bmrPMW2VC3M,Statistics and probability
1162,2U91K1RyWPA,Exploding Dots
1163,w2M5CzTFYfI,Number theory
1164,4h54s7BBPpA,Logic & Discrete maths
1165,QFeG9CeeH88,Geometry
1166,OE2g2SgPC6s,Geometry
1167,3roTCMW4_u4,Geometry
1168,BYmnweEPpMY,Measurement
1169,1I5oB4SLl1E,Number theory
1170,kj_7Jc1mS9k,Computer Science
1171,IHd8jiUF3Lk,Logic & Discrete maths
1172,f_uwKZIAeM0,Computer Science
1173,rd8tbD2eekM,Geometry
1174,7dRlpi8SZQ4,Statistics and probability
1175,p0ASFxKS9sg,Computer Science
1176,hhjujo8XFkA,Geometry
1177,lNjRyB0SNn0,Exploratory mathematics
1178,dTwZ5N126gw,Theorems and proofs
1179,ut3stmfLS8c,Geometry
1180,vGuiy7NnJlM,Geometry
1181,_JpwlTasQJ8,Geometry
1182,d6c6uIyieoo,Theorems and proofs
1183,J0_WUmh42do,Geometry
1184,7u6kFlWZOWg,Statistics and probability
1185,vpn8W_oqnyA,Number theory
1186,z0XkRIG4Snw,Exploratory mathematics
1187,ieUvzy6rnnw,Exploratory mathematics
1188,CMP9a2J4Bqw,Number theory
1189,zxKLbCWuGSQ,Algebra
1190,THwfbfFFgFg,Algebra
1191,T971zHhZ3S4,Geometry
1192,AOMQxLrCI7A,Exploratory mathematics
1193,DdK-QrYdLfQ,Exploratory mathematics
1194,0DmgFtfy57Y,Statistics and probability
1195,2yPv6xqu1Z8,Geometry
1196,OcD1Ujnjy-g,Geometry
1197,lQK7ihLcdvc,Number theory
1198,by9-_95Zn08,Geometry
1199,PiPVl-U2tlw,Number theory
1200,IwW0GJWKH98,Number theory
1201,BLTr2MhRwdg,Geometry
1202,ZgoIb3V48Ig,Geometry
1203,7puMMr_1shs,Calculus
1204,JVrkLIcA2qw,Geometry
1205,fjXj6asQSEk,Calculus
1206,vB4FuGmfEGY,Statistics and probability
1207,macM_MtS_w4,Mathematicians
1208,14-NdQwKz9w,Number theory
1209,WqhlG3Vakw8,Geometry
1210,FCnNmUefrWA,Exploding Dots
1211,W1OkVkq2vFM,Number theory
1212,A8YVK7kxZOw,Geometry
1213,aN0L9CncAmI,Algebra
1214,BG6mzScIF_0,Algebra
1215,XYUVqM7FDho,Geometry
1216,RSL8YA4LPXg,Geometry
1217,Yyz8CVXw7sk,Geometry
1218,3XOt1fjWKi8,Number theory
1219,nyDDXVVtd9s,Algebra
1220,qhbuKbxJsk8,Measurement
1221,b2C9I8HuCe4,Statistics and probability
1222,Xmxs2wd_JDI,Algebra
1223,Cxdyh7A4-Ho,Algebra
1224,VsQ-OPIZ5kg,Exploratory mathematics
1225,h9zUbWPqVpc,Geometry
1226,UfEiJJGv4CE,Number theory
1227,EZ6dOlRQDBo,Geometry
1228,oDoyv7wxqmU,Geometry
1229,sQboO7dx3-4,Statistics and probability
1230,l4j4XgVbuxc,Algebra
1231,G-q2fvZuj0Q,Number theory
1232,m2MIpDrF7Es,Number theory
1233,ahdKdxsTj8E,Algebra
1234,OrzMXc2Z5aw,Geometry
1235,fJZv9YeQ-qQ,Statistics and probability
1236,C0vUVK_o5r0,Geometry
1237,fNk_zzaMoSs,Algebra
1238,GMoqg_s4Dl4,Algebra
1239,m0txx9w_5Go,Algebra
1240,qdYx4qk2UHU,Geometry
1241,MokI3Fi8jpc,Measurement
1242,eV6iYvd4KS0,Number theory
1243,d9CROAHQhdQ,Geometry
1244,b7zXeVUz_r0,Logic & Discrete maths
1245,1g_NHxiAZbs,Measurement
1246,YLSvXcJiujg,Algebra
1247,BSfxUcsVKwM,Measurement
1248,WlGuG_VZl5c,Geometry
1249,_GkxCIW46to,Algebra
1250,ZOBlfastTJk,Number theory
1251,dj1p_U4jPL0,Number theory
1252,mqK63v2Jzks,Number theory
1253,MaSJk8_F500,Algebra
1254,DArQTsH6Y1s,Geometry
1255,wA5HO-VIv5M,Number theory
1256,GX-YdOykky4,Logic & Discrete maths
1257,VRzH4xB0GdM,Calculus
1258,dHzUQnRjbuM,Exploratory mathematics
1259,c9nUAXUSuII,Number theory
1260,NlHqdwTtcCY,Geometry
1261,UEK-VqI1wGg,Algebra
1262,z37oW9fTqAY,Statistics and probability
1263,KXyJX4LnbSU,Number theory
1264,8h-BeLqfa3E,Geometry
1265,mrsF0IZ17VI,Measurement
1266,z0pWasFTFnU,Statistics and probability
1267,pZccTYoL75k,Geometry
1268,TD6lcIIOeic,Number theory
1269,nI4o9pm7BsQ,Exploding Dots
1270,4Tb1q8dSIlI,Computer Science
1271,Ez_-RwV9WVo,Geometry
1272,6IVyQy9F3kU,Geometry
1273,F_0yfvm0UoU,Trigonometry
1274,JnEBO3OHaiA,Geometry
1275,KDUJd_1eo8o,Computer Science
1276,e0xJwdcpATM,Number theory
1277,n5L6pesFoUg,Geometry
1278,2hfoX51f6sg,Trigonometry
1279,RrrYInyIEGo,Geometry
1280,Dt5fi89gA-0,Geometry
1281,nAxA97JG7gU,Statistics and probability
1282,RvvHn8-D2bc,Number theory
1283,QF0y46WWavM,Statistics and probability
1284,fL9uRA0u-Mc,Algebra
1285,1SMmc9gQmHQ,Number theory
1286,D8P5XsE0gfE,Number theory
1287,Tvq2RbkQsTY,Exploding Dots
1288,jCBwHGtEV5M,Exploding Dots
1289,O0KbymjE7xU,Theorems and proofs
1290,noDSyLzVz2g,Statistics and probability
1291,vstIoER3idM,Exploding Dots
1292,jmIM5txH0oM,Number theory
1293,0uCslW40VHQ,Algebra
1294,oIV1zM8qlpk,Geometry
1295,U33dsEcKgeQ,Exploratory mathematics
1296,-6HxjiW_KwA,Statistics and probability
1297,kuixY2bCc_0,Algebra
1298,-S_l8GGxOhU,Algebra
1299,NFPrhLVCLms,Geometry
1300,siawhQBRC8I,Exploratory mathematics
1301,Ihws0d-WLzU,Measurement
1302,nUhdhAgz8q4,Exploratory mathematics
1303,AuD2TX-90Cc,Number theory
1304,o-TWOYoxjUo,Geometry
1305,bXASilfcQVs,Geometry
1306,RvtdJnYFNhc,Measurement
1307,nNpDIbmUvo4,Statistics and probability
1308,VWEN5tPa2CM,Number theory
1309,SJWi7hM0Hbs,Number theory
1310,NGMRB4O922I,Exploratory mathematics
1311,17tjFFO-BzU,Trigonometry
1312,d-_eqgj5-K8,Calculus
1313,U_q7R5JJvb4,Calculus
1314,3zQsYJi5pFE,Calculus
1315,8mOjSllxp7Y,Geometry
1316,z0-1gBy1ykE,Measurement
1317,M7kEpw1tn50,Number theory
1318,3mLCY-ldv10,Statistics and probability
1319,zPd21soIZw0,Geometry
1320,Yl1aOD3CZbM,Statistics and probability
1321,X-XayK70voA,Geometry
1322,Wrr83QShcEk,Calculus
1323,12Q3Mrh03Gk,Computer Science
1324,5sS7w-CMHkU,Number theory
1325,3N_yxLDPTyY,Geometry
1326,fd-E18EqSVk,Number theory
1327,-ZS_zFg4w5k,Computer Science
1328,ov6z0RTlaW0,Geometry
1329,KTvQXspWhbM,Number theory
1330,mvmuCPvRoWQ,Trigonometry
1331,9azy_rMf4S0,Logic & Discrete maths
1332,II0cHJyEKX8,Geometry
1333,NxbLXwXXp7Y,Number theory
1334,QkU4FZN8MY0,Geometry
1335,QxboPshf__g,Number theory
1336,cOcW9SIvP7w,Geometry
1337,VMEV__2wW3E,Logic & Discrete maths
1338,EfqVnj-sgcc,Exploratory mathematics
1339,w1nlzDAVyzk,Statistics and probability
1340,Yhlv5Aeuo_k,Number theory
1341,UoLgHZAy6YE,Geometry
1342,pNp8Qf20-sA,Number theory
1343,ygH-Y5YG5kE,Algebra
1344,wfemNvNXQKY,Geometry
1345,Yu4eqwGFJK8,Geometry
1346,7l6jAFTQ0qM,Geometry
1347,XkY2DOUCWMU,Algebra
1348,YqWatH0Cgaw,Geometry
1349,aRGI4lafk8Y,Geometry
1350,lxTQrsUip9g,Logic & Discrete maths
1351,XlQOipIVFPk,Geometry
1352,9gk_8mQuerg,Exploratory mathematics
1353,6s4xS-JfX5w,Number theory
1354,qVqGNIg2w7c,Geometry
1355,KNdUJQ_qd4U,Measurement
1356,7f9_U85_YX4,Geometry
1357,GDcVdBAnBdU,Geometry
1358,Rie6kF1UZD0,Geometry
1359,zzyT6NiyeTI,Geometry
1360,Ub_z7ns4n60,Geometry
1361,6Lm9EHhbJAY,Geometry
1362,xViupcHi8_Y,Geometry
1363,uv9Mgs-cUA0,Computer Science
1364,iscAHyfe3Pg,Number theory
1365,p_Hqdqe84Uc,Number theory
1366,kQF9pOqmS0U,Geometry
1367,VQQ11EIgk7U,Geometry
1368,yk8nCzniSeQ,Exploratory mathematics
1369,Ip3X9LOh2dk,Algebra
1370,tk2c7Bn2OH8,Geometry
1371,Ilsu8o4O3r4,Number theory
1372,qEKNFOaGQcc,Logic & Discrete maths
1373,ffLLmV4mZwU,Algebra
1374,zwAD6dRSVyI,Algebra
1375,LDIiYKYvvdA,Algebra
1376,FThDfpFLT7A,Measurement
1377,KQqu0WnqvUA,Algebra
1378,MoMTm5QSKqI,Number theory
1379,1EDCyM41BWQ,Number theory
1380,3wLqsRLvV-c,Mathematicians
1381,wkZgk7yT_Ww,Geometry
1382,W2Ghl33EdOs,Geometry
1383,KUhdMbx5ges,Geometry
1384,vnEQcsQGmGo,Geometry
1385,oNjNnfzuDC0,Number theory
1386,cC0fZ_lkFpQ,Number theory
1387,YjGVFPtNTHw,Geometry
1388,1u302YEJbhk,Geometry
1389,3zdGU4r3xGg,Theorems and proofs
