,youtubeVideoId,hashTags,newHashtag
1,vwSqpaQMmcs,['#ed-multiplication'],Exploding Dots
2,ptS2pAdBUjY,['#binomialDistribution'],Statistics and probability
3,yNFHFhJ6VS0,"['#arc', '#geometry', '#measure']",Geometry
5,K79w3OpKako,['#scatterPlot'],Statistics and probability
6,CdtDU0nt4iQ,['#convertFractionsToDecimals'],Numbers
7,3DIqvNjChpY,['#similarTriangles'],Geometry
8,qYAdXm69l8g,['#pendulum'],Calculus
9,EedbUsApuos,['#polygon'],Polygons lines and quadrilaterals
10,Ue1_s85G0JU,"['#equivalentFractions', '#simplifyFractions']",Numbers
11,C82JyCmtKWg,['#random'],Statistics and probability
12,SBvUMjuxf1o,"['#reciprocal', '#inequality']",Arithmetic
13,lOWXZFP8Vuc,['#parallelLines'],Polygons lines and quadrilaterals
14,6dZLq77gSGU,['#mod'],Arithmetic
15,YokKp3pwVFc,['#circleArea'],Geometry
16,8RRo6Ti9d0U,"['#factorial', '#combination', '#permutation']",Arithmetic
18,3h4UK62Qrbo,"['#compositeNumber', '#factor', '#primeFactor', '#primeNumber']",Arithmetic
19,lOIP_Z_-0Hs,['#fibonacciNumber'],Arithmetic
20,ZQ-NRsWhOGI,['#quadraticequation'],Algebra
21,Ay0B6Kh9Y3Q,['#fractionalExponent'],Numbers
22,Yajonhixy4g,"['#triangle', '#equilateralTriangle', '#equilateral']",Geometry
24,xpk2mvZX2Ms,"['#perimeter', '#rectangleArea']",Measurement
25,F6zcGSY15Vw,"['#arithmeticMean', '#centralTendency', '#median']",Statistics and probability
26,Guf49aOi0SQ,"['#similarTriangles', '#angleAngleSimilarTriangles']",Geometry
27,TFRHhcd986c,['#parabola'],Algebra
28,h6OSBOdaLfI,['#naturalLog'],Numbers
30,HlEx1TN-dqY,['#decimalArithmetic'],Arithmetic
31,HUti6vGctQM,['#correlation'],Statistics and probability
32,oc0M1o8tuPo,['#zeroDividedByZero'],Arithmetic
33,CA9XLJpQp3c,['#fraction'],Numbers
34,uR70knMr2Hg,['#union'],Logic and discrete maths
35,AAY1bsazcgM,['#perimeter'],Measurement
36,lYLaaMObgkw,['#deductiveReasoning'],Logic and discrete maths
37,0r3cEKZiLmg,['#pi'],Numbers
38,8dKQLDcA8QA,"['#volume', '#crossSection']",Geometry
39,ZElOxG7_m3c,['#lawofcosines'],Trigonometry
40,IJhNPpOj7r8,['#circumcenter'],Geometry
41,KGMf314LUc0,['#division'],Arithmetic
42,ZqbdVbkbrww,['#algebra'],Algebra
43,8HJ9jWmkyuU,['#congruence'],Geometry
44,oPXGb6G3TDs,"['#evenNumbers', '#division', '#operation', '#oddNumber']",Arithmetic
46,MEuPzvh0roM,['#complexNumber'],Numbers
48,FrfFeUnunGk,['#primeNumber'],Numbers
49,jKFqAHfWw50,['#angleAngleSideCongruentTriangles'],Geometry
50,e7lbCq1ONtQ,['#complexDivision'],Arithmetic
51,RCHe6fCHMuU,['#polygonArea'],Polygons lines and quadrilaterals
52,kG4Fh_PrN-E,['#dice'],Statistics and probability
53,s4tS-ZmpJfw,"['#symmetry', '#rotation']",Geometry
54,aircAruvnKk,['#artificialIntelligence'],Statistics and probability
55,HI5dTLL1r4c,['#polygon'],Polygons lines and quadrilaterals
56,Gl-aQ-TBZZs,"['#rotation', '#congruence']",Geometry
57,sULa9Lc4pck,['#power'],Arithmetic
58,iPLQgXUiU14,"['#combination', '#sequence']",Calculus
59,Re0s1NPZ4ek,['#analyticgeometry'],Geometry
60,BKOf_xBtgCk,['#perimeter'],Measurement
61,4TBVB4hLQhY,"['#mixedNumber', '#fractionAddition']",Numbers
62,ghJH4CtbBT4,['#benfordsLaw'],Statistics and probability
63,IaQwWINzjtA,['#harmonicMean'],Statistics and probability
64,SZ5IGSDgpzk,['#orthocenter'],Geometry
65,vo20OcefwHc,"['#discontinuousFunction', '#asymptote']",Algebra
66,aNrO5jLAV5g,['#multiplication'],Arithmetic
67,vIsDjbhbADY,['#benfordsLaw'],Statistics and probability
68,HSpSQQNVosA,"['#function', '#oddFunction', '#trigonometry', '#evenFunction']",Calculus
69,cwnt4fB8KdI,"['#sphereVolume', '#sphere']",Geometry
70,1-XmMhOIgaA,['#frequencyDistribution'],Statistics and probability
71,Vtz32adSl1Q,['#fractionAddition'],Numbers
72,otIjqzKlnXc,['#distanceFormula'],Measurement
73,Y1V5mZaMfTk,['#convertFractionsToDecimals'],Numbers
74,vKG6xNPQWHw,['#ed-polynomials'],Algebra
75,gGf7kFBzC48,['#graphOfFunction'],Logic and discrete maths
76,257TGWmxSv8,['#weightmeasurement'],Measurement
77,Ktfo8D3cCr0,"['#awesomeVideos', '#mobiusStrip']",Geometry
78,JeVSmq1Nrpw,['#percent'],Measurement
79,T0a92gEDukY,['#terms'],Algebra
82,Fqq10lt9X-M,['#ed-bases'],Exploding Dots
83,_o0cIpLQApk,['#1729'],Arithmetic
84,8vhKBhhOMzE,['#compareDecimals'],Measurement
85,m-5CDVdglp4,['#symmetry'],Geometry
86,w0jRJP-_7Us,['#systemOfEquations'],Algebra
87,SP-YJe7Vldo,['#complexnumbers'],Numbers
88,T7_m8lT-ecc,['#compositeNumber'],Numbers
89,5yecNfFyvF8,"['#parabola', '#graph', '#graphOfFunction']",Logic and discrete maths
90,XZRQhkii0h0,['#exponent'],Arithmetic
92,3_VydFQmtZ8,['#topology'],Geometry
93,TFCQW8M15mw,"['#completeSquare', '#quadraticEquation']",Algebra
94,sOb9b_AtwDg,['#variance'],Statistics and probability
95,fh8gkPW_6g4,['#rounding'],Numbers
96,JVGSKnKwIsc,"['#quadraticEquation', '#discriminant']",Algebra
97,cr6W4O78Y6c,"['#chainRule', '#derivative']",Calculus
98,1CiBuN6qraY,"['#systemOfEquations', '#graphOfFunction']",Algebra
99,9iulv2QvKwo,"['#kilometer', '#units']",Measurement
100,alprjOchyEY,['#primeNumber'],Numbers
101,IIQPHC5gZT8,['#scientificNotation'],Numbers
102,Igrkz1iVBXc,"['#heronsFormula', '#formula']",Algebra
103,PMakVCTQYh8,"['#tangent', '#ratio', '#similarTriangles']",Geometry
104,rXZcYHVwkqI,['#quadrilaterals'],Polygons lines and quadrilaterals
105,OKUVvAaCv_0,"['#reciprocal', '#fractionDivision', '#division']",Arithmetic
108,k_wJsio68D4,['#unitcircle'],Trigonometry
109,l2luO5eNKXc,['#factorial'],Arithmetic
110,zV7aDRMEt9U,['#geometry'],Geometry
111,4XytYH35AP0,['#rationalRootTheorem'],Arithmetic
112,egNI5ahmhsY,['#independentEvents'],Statistics and probability
113,9_VCk9tWT0Y,['#expression'],Algebra
115,uC09taczvOo,"['#compareFractions', '#numberLine']",Numbers
117,N0chS7qYj0Y,['#fractions'],Numbers
118,UCigSz7yQpc,['#transversal'],Polygons lines and quadrilaterals
120,i7idZfS8t8w,['#quadraticformula'],Algebra
121,xjCnmPvcmOo,['#fractionalExponent'],Numbers
122,HxEQxS0QSwg,['#percent'],Measurement
123,5Mf0JpTI_gg,"['#geometry', '#symmetry']",Geometry
125,BWfDKHHZR2A,['#fractionDivision'],Numbers
126,t2qskEuDLRw,"['#polygon', '#equiangular']",Polygons lines and quadrilaterals
127,Kp2bYWRQylk,['#mathematicalNotation'],Algebra
128,P-oFpsQlt-A,['#independentEvents'],Statistics and probability
130,py5byOOHZM8,['#artificialIntelligence'],Statistics and probability
131,6saYBeHzArE,"['#congruentTriangles', '#congruence']",Geometry
133,HNlpx7v7T5g,['#zeroPower'],Arithmetic
134,C6kn6nXMWF0,['#dimension'],Geometry
135,k3aKKasOmIw,"['#arithmeticMean', '#modeInStats', '#median']",Statistics and probability
136,8howrlJVyxw,['#parentFunction'],Algebra
137,KqFWHdaDyXM,['#remainder'],Arithmetic
138,JnpqlXN9Whw,"['#negativeExponent', '#exponent']",Arithmetic
139,86iU3fypTd4,['#congruence'],Geometry
141,kmVfZ9o-2gg,"['#equivalentFractions', '#percent']",Measurement
142,To_HvVM-ECE,['#surd'],Numbers
143,WYijIV5JrKg,['#limits'],Calculus
144,5sKah3pJnHI,['#root2'],Arithmetic
145,Rcb7ZUTOQ1I,"['#circumference', '#circleCircumference']",Geometry
146,pyftYzmOwr4,['#heronsFormula'],Geometry
147,2h8XiqSnzaU,['#improperFraction'],Numbers
148,JGFSEj-oxq4,"['#rationalFunction', '#graphOfFunction']",Arithmetic
149,0Be_6Qaq1es,['#calculus'],Calculus
150,AYnJv68T3MM,"['#probability', '#random']",Statistics and probability
151,kCW3v5RMTZg,['#cubicUnit'],Polygons lines and quadrilaterals
153,cA6-tXehGFs,['#speed'],Calculus
154,lwQsaYBPRbE,['#inverse'],Algebra
155,w9Pj48Pn2XU,"['#convertDecimalsToFractions', '#terminatingDecimal', '#improperFraction', '#repeatingDecimal', '#rationalNumber', '#nonTerminatingDecimal']",Numbers
156,sg-7bRPt_fQ,"['#radius', '#circle', '#chord', '#diameter']",Geometry
157,Mst8iZjIpFE,['#decimal'],Numbers
158,3wjLGV9ibII,['#sideSideSideCongruentTriangles'],Geometry
159,UkjgJQaGx98,"['#graphOfFunction', '#limits']",Calculus
160,z400r4gCoU4,"['#ellipse', '#curveSketching']",Geometry
161,t-ZtoNhEYWQ,['#equilateralTriangle'],Geometry
162,QKHKD8bRAro,"['#primeNumber', '#unsolvedProblems']",Numbers
163,zqduFg0s5Q4,['#weightmeasurement'],Measurement
164,E9_d_ET9yjI,['#trigonometry'],Trigonometry
165,52tpYl2tTqk,['#function'],Calculus
166,nJqyr8h22nY,"['#positiveNumber', '#negativeMultiplication', '#negativeNumber']",Numbers
167,gSEYtAjuZ-Y,"['#statistics', '#histogram']",Statistics and probability
168,dWXIx5Th86s,"['#spaceDiagonal', '#cube']",Geometry
170,zPCljb4rpcQ,['#sectorArea'],Geometry
171,mDwN1SqnMRU,"['#graphOfFunction', '#quadraticEquation', '#graph']",Logic and discrete maths
172,mt6Nq0dzFjo,"['#rate', '#averageVelocity']",Calculus
173,w4zqR7GhrqQ,"['#pythagorasTheorem', '#isoscelesTriangle']",Geometry
174,VBinUUGwB2I,['#cosine'],Trigonometry
175,PNYzQypZr-g,"['#geometry', '#midpoint']",Geometry
176,DGKwdHMiqCg,"['#straightAngle', '#supplementaryAngles', '#complementaryAngles', '#rightAngle', '#obtuseAngle', '#acuteAngle', '#angle']",Trigonometry
177,sG_6nlMZ8f4,"['#arc', '#circle']",Geometry
178,AYOB-6wyK_I,"['#fibonacciNumber', '#riddlesAndChallenges', '#boardGames']",Arithmetic
179,Nu6QUnlH79U,"['#trigonometry', '#graphOfFunction', '#graph']",Logic and discrete maths
180,thrx3SBEpL8,['#binary'],Numbers
181,_qyVzH3e1dY,['#differenceOfSquares'],Algebra
182,WipYqupv9wY,['#factoringTrinomials'],Algebra
183,z1iN_fD4UCg,['#absoluteValue'],Numbers
184,PJHtqMjrStk,['#squareRoot'],Arithmetic
185,7xovCxIfDGE,"['#polygonInteriorAngle', '#polygon']",Polygons lines and quadrilaterals
186,xa39G3aNPfo,"['#sample', '#normalDistribution']",Statistics and probability
187,-h3Oqhl8fPg,['#longMultiplication'],Arithmetic
188,-LGnjhQaJSw,['#rationalFunction'],Arithmetic
189,I6TBBzIvgB8,['#expression'],Algebra
190,hbhh-9edn3c,['#pythagorastheorem'],Geometry
191,cLP7INqs3JM,"['#rationalNumber', '#irrationalNumber']",Numbers
192,JMjE9UTXioQ,['#ed-addition'],Exploding Dots
193,paQ10POrZh8,"['#hexagon', '#games']",Polygons lines and quadrilaterals
194,LsXKJkmPmZM,"['#ray', '#lineSegment', '#line']",Polygons lines and quadrilaterals
195,fxTsG4qkz1U,['#cylinderVolume'],Geometry
196,dUhleJQ6QV4,['#geometricMean'],Statistics and probability
197,HKQKjbdYNkA,"['#farenheitScale', '#celsiusScale']",Measurement
198,JJZDgjFRPXo,['#degree'],Measurement
199,bibPvcyNbdM,['#centralAngle'],Trigonometry
200,KtT_cgMzHx8,['#probability'],Statistics and probability
201,Sl7E2m84Pf4,['#determinant'],Algebra
202,VZ0jG3W53nE,['#distributiveProperty'],Statistics and probability
204,NECjlQYjo4s,['#hexagons'],Polygons lines and quadrilaterals
205,DKh16Th8x6o,['#cubeRoot'],Arithmetic
206,mL91a26bsiY,"['#sphereVolume', '#sphere', '#sphereArea']",Geometry
207,GWtlt3Rq2SU,['#thirtyDegreesAngle'],Trigonometry
208,D269kESwjNU,['#equivalentExpressions'],Algebra
209,8wqx5FOsSKg,['#symmetry'],Geometry
210,RWbLzSMe_Uw,"['#surfaceArea', '#sphere', '#sphereArea']",Geometry
211,X1E7I7_r3Cw,"['#pythagorasTheorem', '#root2', '#irrationalNumber']",Arithmetic
212,3EB75Dy4dFE,['#convertPercentToDecimal'],Measurement
213,0MiWMY0OlvI,['#cubeRoot'],Arithmetic
214,2M9w79Y5Wn0,['#ed-addition'],Exploding Dots
215,1E4GUE1har0,['#rounding'],Numbers
216,VbtNy54ya9A,['#benfordsLaw'],Statistics and probability
217,RYlD3TElQyw,['#weightedMean'],Statistics and probability
218,-Liq8hlGeOk,"['#divisibility8', '#divisibility4']",Arithmetic
219,gB9n2gHsHN4,"['#dimension', '#fractal']",Geometry
220,9Uc62CuQjc4,"['#cartesianPlane', '#coordinate', '#graphOfFunction', '#axis']",Algebra
221,jnxCLjgVY8Q,['#triangleInequality'],Geometry
222,IHZwWFHWa-w,['#artificialIntelligence'],Statistics and probability
223,0A83skSAxKI,"['#kilogram', '#measurement', '#weightMeasurement']",Measurement
224,Dgcoa2yAUfw,['#harmonicSeries'],Calculus
225,593w799sBms,['#unitcircle'],Trigonometry
226,DrNns2fsRKw,"['#geometry', '#trapezoid', '#pythagorasTheorem', '#rectangle']",Geometry
228,NjpFjLo0QQc,['#lcm'],Arithmetic
229,VWHHZAszbzQ,['#trinomial'],Algebra
230,gNqmI0f16QI,"['#perimeter', '#rectangleArea']",Measurement
231,QLGATwUoAXA,['#sphereVolume'],Geometry
232,4G_FmNm4BS0,"['#surfaceArea', '#triangularPrism', '#rectangularPrism']",Geometry
233,CaasbfdJdJg,"['#continuedFractions', '#irrationalNumber']",Numbers
234,IidwVzW4rTA,['#log'],Numbers
235,dbxJ6LD0344,"['#complexConjugate', '#complexMultiplication']",Arithmetic
236,z3rUn1Urj4Y,['#parabola'],Algebra
237,4F6cFLnAAFc,['#fractionalExponent'],Numbers
238,y5yNi08cr6I,['#parallelLines'],Polygons lines and quadrilaterals
239,0FezL36hK4E,"['#pascalTriangle', '#number']",Geometry
240,Kgudt4PXs28,['#probability'],Statistics and probability
241,QIO2F_R4btA,['#rhombus'],Polygons lines and quadrilaterals
242,xz6gBA0M9FY,['#trianglearea'],Geometry
243,ygey0KMxIIc,"['#triangularPrism', '#pyramid']",Geometry
244,1otVf_HXLN8,['#triangleMedian'],Geometry
245,QXoQbWoIiRE,['#density'],Statistics and probability
246,NjCIq58rZ8I,['#partition'],Arithmetic
247,mA2TT0NkRR0,['#centroid'],Geometry
248,1pSD8cYyqUo,['#binomialTheorem'],Statistics and probability
249,pZEmFSP3Z0I,"['#commonDenominator', '#lcm', '#fractionAddition']",Numbers
250,kspg_cObO1s,"['#cuboidVolume', '#cubeVolume']",Polygons lines and quadrilaterals
251,wPZIa3SjPF0,['#quadrilaterals'],Polygons lines and quadrilaterals
252,cIVpemcoAlY,"['#unitCircle', '#sine', '#cosine', '#trigonometry']",Trigonometry
253,IDpnNnjFB1c,['#polynomials'],Algebra
255,Mn5NodgWUgw,['#square'],Polygons lines and quadrilaterals
256,DxxM4e2X-3s,['#decimalArithmetic'],Arithmetic
257,pSTa8a36RCU,['#ellipse'],Geometry
258,0JW9P_T4P_Y,['#equivalentFractions'],Numbers
259,FXgV9ySNusc,"['#rationalFunction', '#polynomialDivision']",Algebra
260,KXZ6w91DioU,['#circumcenter'],Geometry
262,jFazrvLodrA,"['#evenNumbers', '#function', '#oddNumber']",Numbers
263,5ywif1Zpeo4,['#formula'],Algebra
264,--LkIupj0jI,['#timedistancespeed'],Measurement
265,e15GF1af6VA,['#geometricMean'],Statistics and probability
266,MvA2QP5r9Xw,"['#divideByZero', '#zeroDividedByZero']",Arithmetic
267,lXwQEhu410c,['#curveFitting'],Statistics and probability
268,S3IEeCyUWWA,"['#algebra', '#exponent']",Algebra
269,lI5NK7WKQOQ,['#angle'],Trigonometry
270,39OHW0nYfN0,['#circumference'],Geometry
271,4PXDhTqDDxs,['#timedistancespeed'],Measurement
272,3LPy1--FJ9I,['#twinPrimes'],Numbers
273,xCdxURXMdFY,['#area'],Geometry
274,ineO1tIyPfM,"['#measure', '#distanceFormula', '#pi']",Measurement
275,TeE-ypKj8ZI,['#binomialTheorem'],Statistics and probability
277,5xtXAsR-fRQ,['#equivalentFractions'],Numbers
278,yMzNaqdxiZY,['#deductiveReasoning'],Logic and discrete maths
279,2dbasvm3iG0,"['#commonDenominator', '#compareFractions']",Numbers
280,y2RHWA7t0WM,['#units'],Measurement
282,RAdTpC51nSE,"['#arcLength', '#sector', '#radians']",Geometry
283,tuvwyrIbQ6Q,['#quotient'],Arithmetic
284,LvByEdtMm3o,['#parentFunction'],Algebra
285,4lkq3DgvmJo,['#fractionDivision'],Numbers
286,Vr1XlSra2uM,['#odds'],Numbers
287,7v1koVqwXK4,"['#graphOfFunction', '#hyperbola']",Algebra
288,AmN0YyaTD60,['#hexagon'],Polygons lines and quadrilaterals
289,y4B_EC5MNS8,"['#matrix', '#inverse']",Algebra
290,O7hsq9de_40,['#adjacentAngle'],Trigonometry
291,QuX4XrmIsHQ,['#reciprocal'],Arithmetic
292,pLInn6DZvo4,['#circleArea'],Geometry
293,28XOttw3Brs,['#antiderivative'],Calculus
296,yYxzq_O18Mg,"['#geometricSum', '#infiniteSeries']",Calculus
297,ijbuU75wiVo,['#probability'],Statistics and probability
298,ZtPsWriHwa8,"['#sequence', '#arithmeticSum']",Calculus
299,UH0HuxtBhEM,['#variable'],Algebra
301,1m9p9iubMLU,['#unitcircle'],Trigonometry
302,eMPspP_Rkio,"['#modeInStats', '#median', '#arithmeticMean', '#centralTendency']",Statistics and probability
303,SynLB0z7k2A,['#ed-unusual'],Exploding Dots
304,Y6x06SBbEcA,['#rationalFunction'],Arithmetic
305,hcYYmpUIjQQ,['#multiplyBinomials'],Arithmetic
306,oydj9zMLjIE,['#absoluteValue'],Numbers
307,p-0SOWbzUYI,"['#pythagorasTheorem', '#proof']",Geometry
308,bv-X0TiVuBQ,['#rationalFunction'],Arithmetic
309,ctC33JAV4FI,"['#primeNumber', '#contradictionProof']",Numbers
310,bf7zXiPyczQ,['#lineSegment'],Polygons lines and quadrilaterals
311,V7mECV0M1ys,['#complexNumber'],Numbers
312,LzjaDKVC4iY,"['#ramanujan', '#1729']",Arithmetic
313,o_SeNKNnaBw,"['#rectangle', '#rectangleArea']",Polygons lines and quadrilaterals
314,T5Qf0qSSJFI,['#placeValue'],Numbers
315,-imFslMIN1g,"['#mixedNumber', '#improperFraction']",Numbers
316,6nSfJEDZ_WM,['#goldenRatio'],Numbers
318,HdU_rf7eMTI,['#longDivision'],Arithmetic
319,9ubEYX7raoM,['#chord'],Geometry
320,0vhZS5CPsyI,"['#surfaceArea', '#sphereVolume']",Geometry
321,fs7fz3MLpC8,['#logic'],Logic and discrete maths
322,NybHckSEQBI,['#algebra'],Algebra
323,2_NZ1ql8B8Y,['#scutoid'],Polygons lines and quadrilaterals
324,ku4KOFQ-bB4,['#baserepresentationofnumbers'],Numbers
325,spUNpyF58BY,['#fourierAnalysis'],Trigonometry
327,hKkBlcnU9pw,['#absoluteValue'],Numbers
330,AqW7HpbxH8U,"['#ed-decimals', '#ed-irrational']",Exploding Dots
331,A8NoBcYQJ1U,['#coterminalAngles'],Trigonometry
332,v-6MShC82ow,['#distributiveProperty'],Statistics and probability
333,XMJ72mtMn4Y,"['#intersection', '#intersectingLines']",Polygons lines and quadrilaterals
334,68enNRhFORc,"['#function', '#oddFunction', '#trigonometry', '#evenFunction']",Calculus
335,GvCfD-8vWM0,['#ed-infiniteSums'],Exploding Dots
336,oi2mrzVu0AE,"['#numericalAnalysis', '#derivative']",Calculus
337,gsYEe-JxS5k,"['#power', '#exponent']",Arithmetic
339,bxHbMiTTNag,['#rectangleArea'],Polygons lines and quadrilaterals
340,7cBRXayBNr4,"['#longDivision', '#fastCalculation']",Arithmetic
341,ZiTGmF4LqhY,['#arccos'],Trigonometry
342,qDc_-GTipBk,"['#fraction', '#fractionArithmetic']",Numbers
344,IF0p1GhJE78,['#ed-decimals'],Exploding Dots
345,-u-O_2Hz82I,['#mobiusStrip'],Geometry
346,83ofi_L6eAo,['#tau'],Algebra
347,b8EQnQ0SPYs,['#dodecahedron'],Polygons lines and quadrilaterals
348,GEuyDHMG0jY,"['#fastCalculation', '#square']",Arithmetic
349,UPA3bwVVzGI,['#infinity'],Numbers
350,Uf-Rl1e2I4Q,['#percent'],Measurement
351,Ka82QC4QvGA,['#quadrilaterals'],Polygons lines and quadrilaterals
353,KCnbsR7nWyI,"['#circle', '#polygon']",Geometry
354,E9GpfHQcdBg,['#binomialDistribution'],Statistics and probability
355,9Xy-Bbzvlls,['#ed-polynomials'],Algebra
357,kvLjpQ0XGao,['#longMultiplication'],Arithmetic
358,xP0q3WOBRks,['#logic'],Logic and discrete maths
359,DhPtIf-hpuU,['#numberTheory'],Arithmetic
360,0YErxSShF0A,['#compoundInequality'],Algebra
361,vxHrfIom-YA,['#divisibility7'],Arithmetic
362,cCsjKuvFKnw,['#fortyFiveDegreesAngle'],Trigonometry
363,bvglHQk-Ygs,['#ed-basics'],Exploding Dots
364,GyN-qpVfOWA,['#statistics'],Statistics and probability
365,PwDnpb_ZJvc,"['#zeroPower', '#power', '#exponent']",Arithmetic
366,Swm8tTLWirU,['#transcendental'],Numbers
367,80LA3zcmabY,['#externalAngle'],Trigonometry
368,tsTItgnbqSk,['#thirtyDegreesAngle'],Trigonometry
369,odfhFSnLaaw,['#pythagorasTheorem'],Geometry
370,L-jh5fVhKuQ,"['#reflexAngle', '#obtuseAngle', '#straightAngle', '#acuteAngle', '#rightAngle', '#angle']",Trigonometry
371,9XidOM0a4p8,"['#volume', '#area']",Geometry
372,37SZqzfRKGg,"['#radius', '#circle']",Geometry
373,j5jkWFy323U,['#polygon'],Polygons lines and quadrilaterals
374,fDMxOiS5g7k,['#equation'],Algebra
375,WgW_KwtBvro,['#circleCircumference'],Geometry
376,bbxO4HdCW5A,"['#circumscribedCircle', '#inscribedCircle']",Geometry
377,ypp-ex99Sso,['#histogram'],Statistics and probability
378,k37eIFf24fk,['#ellipse'],Geometry
379,F-wVOsbR1Zw,['#bearing'],Measurement
380,0mKmYxuMirE,['#similarTriangles'],Geometry
381,Lp6t3PyT-Cg,['#rightTriangle'],Geometry
382,7XgjqkvKHRQ,['#gcd'],Arithmetic
384,ViuCmrmjDBA,['#functionOperations'],Calculus
385,AMWLONeZmbo,['#radian'],Trigonometry
387,XMriWTvPXHI,['#pascalTriangle'],Geometry
388,9xSgKqTxZbg,['#ellipse'],Geometry
389,3xyYs_eQTUc,['#transcendental'],Numbers
390,6wFTvYswogA,"['#triangleArea', '#triangleHeight']",Geometry
391,iwo7JReFTeg,['#mobiusStrip'],Geometry
392,CzghDI_6Gqs,['#divisability11'],Arithmetic
393,otzb_GkRiqQ,"['#externalAngle', '#internalAngle']",Trigonometry
394,d4KBMxwj5yQ,['#ed-division'],Exploding Dots
395,k5etrWdIY6o,"['#point', '#line']",Geometry
396,BHtE3JyZ-UQ,['#terms'],Algebra
397,gK9OgZ6eLx0,['#cylinderArea'],Geometry
398,6dUuBXV1drA,['#data'],Statistics and probability
399,W-6hxPVzwA8,"['#arithmeticMean', '#riddlesAndChallanges']",Statistics and probability
401,_7sRiRxRhVQ,['#goldenRatio'],Numbers
402,8M0KwcND6a4,['#speed'],Calculus
403,BKh3gk4j0zA,['#ratio'],Numbers
404,Wc5guJLDDqs,['#externalAngle'],Trigonometry
405,dAgfnK528RA,['#orderOfOperations'],Arithmetic
406,seUU2bZtfgM,['#transcendental'],Numbers
407,1I2IOx_x408,['#piecewiseFunction'],Calculus
408,JutzksM5PN4,['#inverseTrigFunctions'],Trigonometry
409,FEPXaoNVC-0,['#stickMultiplication'],Arithmetic
410,h5XXu1tijXo,['#simplifyRadical'],Arithmetic
411,AGFO-ROxH_I,['#measurement'],Measurement
412,y9IKpjK93rg,['#fractionDivision'],Numbers
414,ZUQ44XHkTPU,['#circumcenter'],Geometry
415,6o_S7u7Ddx4,['#vector'],Algebra
416,x8-3OlB3G0M,['#series'],Calculus
417,UClsMpLG_mg,['#set'],Logic and discrete maths
418,UuxsRlnXm0M,['#straightAngle'],Trigonometry
419,tWRwgokr5uI,['#centralAngleTheorem'],Trigonometry
420,PgxIad4c1ZI,['#prismVolume'],Geometry
421,awUUQAISrxg,['#perimeter'],Measurement
422,XXjlR2OK1kM,['#benfordsLaw'],Statistics and probability
423,y8DF4GxgiBs,"['#kilogram', '#weightMeasurement', '#measurement', '#convertGramsToKilograms']",Measurement
424,LglTy96144c,['#divideByZero'],Arithmetic
425,n-v6pmZzxL0,['#algorithm'],Algebra
426,N4kDzoQOngY,['#convertPercentToDecimal'],Measurement
427,SIHFCPoFbIs,['#inscribedAngle'],Trigonometry
428,DTUV5W0oh54,['#convertPoundsToGrams'],Measurement
430,v03ndkXqAPQ,['#ed-subtraction'],Exploding Dots
431,8gSRDfSu9wo,['#intersectingLines'],Polygons lines and quadrilaterals
432,kwh4SD1ToFc,['#decimalArithmetic'],Arithmetic
433,SG1bGeP8OP8,"['#addition', '#fastCalculation']",Arithmetic
434,T-aCweuimis,['#parallelLines'],Polygons lines and quadrilaterals
435,JmyLeESQWGw,['#numberLine'],Numbers
437,s0IOtwKMaEQ,['#cylinderVolume'],Geometry
438,psvYu7S-8NU,"['#domainRestriction', '#inverse']",Algebra
439,xBJuf6Yvm3I,['#negativeNumber'],Numbers
440,5Yy_unGaD-w,['#combinatorics'],Statistics and probability
441,_WXndBGQnyI,['#weightmeasurement'],Measurement
442,ECJfSyg_Obo,['#rectanglearea'],Polygons lines and quadrilaterals
443,EbCnJjUzXX8,"['#functionRange', '#functionDomain']",Calculus
444,2flgolt6zsw,['#ed-subtraction'],Exploding Dots
445,_DBllkBoErY,['#trigonometry'],Trigonometry
446,g3LrOw1JMi8,"['#functionDomain', '#functionRange', '#range', '#graph', '#graphOfFunction']",Calculus
447,YeGATHHzNPA,"['#parallelLines', '#co-interiorAngles']",Polygons lines and quadrilaterals
448,Yr53Ji4SZDg,"['#coneVolume', '#cylinderVolume']",Geometry
449,MG6gdBqQoYA,['#ed-beyond'],Exploding Dots
451,WRsAQpFoEg0,['#lawOfCosines'],Trigonometry
452,Pj8Zh0A-uLU,['#scalar'],Algebra
453,qyTFvx_ZVOs,['#convertDecimalsToFractions'],Numbers
454,r9LYqfqssS0,['#rationalFunction'],Arithmetic
455,-ZzgW3nf4Ls,"['#commonFactor', '#gcd']",Arithmetic
456,qAs50nzzrP4,['#trapezoidArea'],Polygons lines and quadrilaterals
457,m5C8tIE2hv0,['#inscribedAngle'],Trigonometry
458,imcooZyo4vE,['#doubleFactorial'],Arithmetic
459,zanbFvLN3Go,"['#chainRule', '#derivative']",Calculus
460,e0Fgyca6WCw,"['#cylinderArea', '#optimization', '#cylinderVolume']",Geometry
461,w7--f3Jf-vo,['#measurement'],Measurement
462,ebEkn-BiW5k,['#simpsonsParadox'],Statistics and probability
463,AALwyB5KSjs,['#fractionArithmetic'],Numbers
464,do_IbHId2Os,['#convertFractionsToDecimals'],Numbers
465,N-Y0Kvcnw8g,"['#commonDenominator', '#fractionAddition']",Numbers
466,klkBxP3CZiE,"['#sphereVolume', '#sphere', '#sphereArea']",Geometry
467,sy_2fpY5x7w,['#multiplyBinomials'],Arithmetic
468,Zvg_ahjd9EI,['#hemisphere'],Geometry
469,d614Wg3EjqI,"['#negativeNumber', '#positiveNumber']",Numbers
470,J8rk1d2_Edw,['#event'],Statistics and probability
471,HIELx5sm5k0,['#cone'],Geometry
472,ENKH97PYssg,"['#commutativeOperation', '#multiplication']",Algebra
473,4Y9D0v0x4H8,"['#centralAngle', '#arc', '#isoscelesTriangle']",Trigonometry
474,55G8037gsKY,['#quadraticequation'],Algebra
475,TpiVThfRl0I,['#union'],Logic and discrete maths
476,Lvr2YsxG10o,['#percent'],Measurement
477,q4vEI4mk8g0,['#fractionDivision'],Numbers
478,M7e-LByl_68,['#area'],Geometry
479,s7NKLWXkEEE,"['#point', '#plot']",Algebra
480,YS2K2SpvVIA,['#externalAngle'],Trigonometry
482,-y1Ob0K63hc,['#geometricSum'],Calculus
483,GIMMX55C9iU,"['#quadrant', '#angle']",Trigonometry
484,MaXfdPOheCA,['#surd'],Numbers
485,bU93aSJKMGw,"['#statistics', '#normalDistribution']",Statistics and probability
486,6RMN5Pf1fHU,['#transversal'],Polygons lines and quadrilaterals
487,0lvT7eF3Zks,['#angle'],Trigonometry
488,fyOKqQKpOvM,['#trapezoid'],Polygons lines and quadrilaterals
489,y8acoaakvPM,['#root'],Arithmetic
491,H18pyUN4U1M,['#polygon'],Polygons lines and quadrilaterals
492,ngUyyFd86FQ,['#montyHallProblem'],Statistics and probability
493,LPgAK7whEuw,"['#divisibility', '#divisibility7']",Arithmetic
494,O3jvUZ8wvZs,['#radians'],Trigonometry
496,G2hsSMhCgAY,['#mobiusStrip'],Geometry
497,sWgHtiTSywc,['#convexity'],Algebra
498,i_0DXxNeaQ0,['#frequency'],Statistics and probability
499,HKQbhpIwjrU,['#cotan'],Trigonometry
500,IaoZhhx_I9s,['#polygon'],Polygons lines and quadrilaterals
501,mxBoni8N70Y,['#graphOfFunction'],Logic and discrete maths
502,MPYNEYeLYaQ,['#polygon'],Polygons lines and quadrilaterals
503,O8uXcewZJlw,['#measureAngles'],Measurement
504,Z6cwpsDC_5A,"['#graphOfFunction', '#hyperbola']",Algebra
505,kISbq2p8ZOs,['#orderOfOperations'],Arithmetic
506,3sjUOQLhsRY,['#trinomial'],Algebra
507,07DxrU5ZCEc,"['#maximum', '#minimum']",Calculus
508,4LYtLMmDuzw,"['#mixedNumber', '#fractionSubtraction']",Numbers
509,-QHff5pRdM8,['#numbers'],Numbers
510,x8lx6AGnTXE,['#ed-bases'],Exploding Dots
511,wCyC-K_PnRY,"['#fractal', '#dragonCurve']",Algebra
512,jYf1kHEFAJ0,['#variance'],Statistics and probability
513,NY2zWGBXBhU,['#statistics'],Statistics and probability
514,lmVxsjIbJhE,"['#optimization', '#rectangleArea']",Calculus
515,Ce64D_yGDvY,['#cylinder'],Geometry
516,co5sOgZ3XcM,['#sequence'],Calculus
517,9IUI3jtSEWU,"['#correspondingAngles', '#similarity']",Geometry
518,34tf3xSVKbw,['#discriminant'],Calculus
519,SxP30euw3-0,['#random'],Statistics and probability
520,mkyZ45KQYi4,['#probability'],Statistics and probability
521,ua1K3Eo2PQc,['#numberTheory'],Arithmetic
523,D6-lt-XgoG8,"['#ratio', '#proportion']",Numbers
524,MjAcASWqZS4,['#expression'],Algebra
525,15sLPp0YvQk,['#romanNumerals'],Numbers
526,aet_fPvVVv0,"['#feasibleRegion', '#inequality', '#graphInequality']",Algebra
527,hPV9RZkeRq4,['#compoundInequality'],Algebra
528,-N8J9R6_oqY,['#differentialEquation'],Calculus
529,dz5YpNFuhRQ,['#coterminalAngles'],Trigonometry
530,OWq4UubK1FI,['#negativeExponent'],Numbers
532,vIl5F6uyMRQ,['#fortyFiveFortyFiveNinetyTriangle'],Geometry
533,9CxWFKfDvxQ,['#negativeNumber'],Numbers
534,gLWphGTjGHI,['#mixedNumber'],Numbers
535,w8QIjk_2i2w,['#rotationalSymmetry'],Geometry
537,nmaUyeKpwSM,['#decimalArithmetic'],Arithmetic
538,itaMNuWLzJo,['#random'],Statistics and probability
539,XnEqfTjp66A,['#primeNumber'],Numbers
540,vHYI93UV5Kg,"['#trigonometry', '#graphOfFunction', '#graph']",Logic and discrete maths
541,KU-Mkz9PFOo,['#center'],Geometry
542,stgYW6M5o4k,['#probability'],Statistics and probability
543,DKC74YKJpNY,['#polynomial'],Algebra
545,Mdqt5EknXBg,['#dice'],Statistics and probability
546,N5vJSNXPEwA,"['#riddlesAndChallenges', '#parity']",Numbers
547,vCz_j47uK2U,['#exteriorAngleTheorem'],Trigonometry
548,17IgK9b6P2M,"['#fraction', '#improperFraction']",Numbers
549,8Wxw9bpKEGQ,['#polynomial'],Algebra
550,rX8ZBP3nXvI,"['#rate', '#rationalFunction']",Arithmetic
551,RaFyvZW6Epw,['#discontinuousFunction'],Calculus
552,JykAGBSgCjY,['#radicalEquations'],Algebra
553,l3XzepN03KQ,['#solvingEquations'],Algebra
555,wqnpSzEzq1w,"['#geometry', '#geometricSum', '#infiniteSeries', '#series']",Calculus
556,0nFdIrJkd5Q,"['#measurement', '#units']",Measurement
557,5d_3IEofXfY,['#montyHallProblem'],Statistics and probability
558,trOxUvdmDy8,['#units'],Measurement
559,gzYk192apRw,['#probability'],Statistics and probability
560,SxMX18EniNw,['#ed-polynomials'],Algebra
561,-QBJtmEVg9s,['#inscribedAngle'],Trigonometry
562,Uq9OXC0Gzgw,"['#combinatorics', '#rectangle']",Polygons lines and quadrilaterals
563,9ep48wATy7s,['#equilateralTriangle'],Geometry
564,3xbormMmuK4,['#geometricSequence'],Calculus
565,nhtUs6D0qUk,['#algebra'],Algebra
567,gNhVocsgQiE,['#exponent'],Arithmetic
568,a4k7POs-J44,['#pi'],Numbers
569,UtgAAy-XvCQ,['#convertMinutesAndSecondsToDegrees'],Measurement
570,PaA-g_z_E2E,"['#sphereVolume', '#coneVolume']",Geometry
572,Dh-1POIy6CU,['#ratio'],Numbers
573,IrvEHVn-fks,"['#ounce', '#weightMeasurement', '#pound']",Measurement
574,IelS2vg7JO8,['#sphereVolume'],Geometry
575,nUyLnjgGumg,['#squareRoot'],Arithmetic
577,4ywTWCaLmXE,['#proportion'],Numbers
578,eVm063xmnow,['#greekLetters'],Algebra
579,oYGvNlaxnbw,"['#pyramid', '#volume', '#pyramidVolume']",Geometry
580,Jni7E2RH43s,"['#unitCircle', '#sine', '#cosine']",Trigonometry
581,hr3UtZJF_vE,['#unitFraction'],Numbers
582,Htza-E2dQSY,['#adjacentAngle'],Trigonometry
583,BRRolKTlF6Q,['#divideByZero'],Arithmetic
585,JgxkYThz-DA,['#extrema'],Calculus
587,1k0G-Y41jRA,"['#isoscelesTriangle', '#equilateralTriangle', '#rightTriangle', '#scaleneTriangle', '#triangle', '#acuteTriangle', '#obtuseTriangle']",Geometry
588,gS6TfWUv97I,['#latticeMultiplication'],Arithmetic
589,g1zfBqtjh2g,['#translation'],Algebra
590,DvCsRs6sSRQ,"['#angleSideAngleCongruentTriangles', '#angleAngleSideCongruentTriangles']",Geometry
591,adJhDvw4QZY,['#relatedRates'],Calculus
592,V_cybADpD4U,['#gcd'],Arithmetic
593,4vfAbIucc-8,['#random'],Statistics and probability
594,YlGbU21AcQM,['#determinant'],Algebra
595,V2N7-wOm9Zw,['#conicSection'],Algebra
596,eNrl-wBuPDg,"['#perimeter', '#rectangleArea']",Measurement
597,FYuA4AVoiiw,['#sixtyDegreesAngle'],Trigonometry
598,4JcVCHQLgh4,['#units'],Measurement
599,qynN6pMCsj8,"['#convertDecimalsToFractions', '#nonTerminatingDecimal']",Numbers
601,eFZOnAcuVLM,['#parabola'],Algebra
602,AwzWp7mWrtg,['#compoundInterest'],Algebra
603,SPM1gfc2fBE,['#externalAngle'],Trigonometry
604,o5HSxPQoY8g,['#latticeMultiplication'],Arithmetic
605,k1ZFZ3hTftg,['#frequency'],Statistics and probability
606,44kYhWmhJyI,"['#rotationalSymmetry', '#turn', '#rotation']",Geometry
607,xyVJZKu7Euw,['#lineFormula'],Polygons lines and quadrilaterals
608,9xbJ3enqLnA,['#base16'],Numbers
610,sKTKcPflcAY,"['#regularPolygon', '#pi', '#polygon']",Polygons lines and quadrilaterals
611,Wf-HlVqZPHY,['#scientificNotation'],Numbers
612,gmimpKjIgd4,"['#evenNumbers', '#integer', '#oddNumber']",Numbers
613,LRaAxqQi42U,"['#array', '#algorithm']",Algebra
614,CwIAfkuXc5A,"['#sequence', '#riddlesAndChallenges', '#factorial']",Arithmetic
615,dvwf8DvNHT4,['#differenceQuotient'],Calculus
616,vrjeuvHQatA,['#fibonacciNumber'],Arithmetic
617,mgx0kT5UbKk,"['#coordinate', '#cartesianPlane', '#axis']",Algebra
618,Zxm4Xxvzohk,"['#probability', '#conditionalProbability']",Statistics and probability
619,y12Tt3bOmKA,"['#set', '#subset']",Logic and discrete maths
620,852yX-5-_N4,"['#protractor', '#degree', '#measureAngles']",Measurement
622,IBIJ6tUZKK0,['#incenter'],Geometry
623,1aa8gZG0L_c,['#slope'],Calculus
624,q8n15q1v4Xo,['#perfectNumber'],Numbers
625,jexMSlSDubM,['#polarCoordinates'],Measurement
626,3jGAcpK2V7Q,['#gcd'],Arithmetic
627,XFDM1ip5HdU,"['#infiniteSeries', '#mathResearch']",Calculus
628,M23a_RLRrbs,"['#trapezoid', '#kite']",Polygons lines and quadrilaterals
629,qWcfiPi9gUU,['#artificialIntelligence'],Statistics and probability
630,4Lb-6rxZxx0,"['#riddlesAndChallenges', '#probability', '#montyHallProblem']",Statistics and probability
632,97svwzwRb3c,['#radicalEquations'],Algebra
633,Nu-lW-Ifyec,['#fibonacciNumber'],Arithmetic
634,RS6qmQXP8fc,['#unitCircle'],Trigonometry
637,hfSj6_pkDq4,['#discontinuousFunction'],Calculus
638,zXoJlRFbktw,"['#parabola', '#sphere']",Algebra
639,TErJ-Yr67BI,"['#parallelogramDiagonal', '#parallelogram']",Polygons lines and quadrilaterals
640,3v6mYNPyDoY,"['#standardDeviation', '#variance']",Statistics and probability
641,o6KlpIWhbcw,['#triangle'],Geometry
642,Lh5APSELKBI,['#complementaryAngles'],Trigonometry
643,f3w7sD_S9w8,"['#arithmeticMean', '#centralTendency', '#median']",Statistics and probability
645,XwIs1nlDQ2I,['#vector'],Algebra
646,2QMwh2dIo98,['#arcLength'],Geometry
647,hqr1DtXXHpY,['#imaginaryNumber'],Numbers
648,DxRdiShkw5I,"['#numerator', '#denominator']",Numbers
649,YOYQys52sPs,['#trianglearea'],Geometry
650,1VSun4wX7UQ,['#segment'],Polygons lines and quadrilaterals
651,VnWRk0jk5JM,"['#compareFractions', '#fractionSubtraction']",Numbers
652,nWy2lz-xD-Q,['#internalAngle'],Trigonometry
653,8l-La9HEUIU,"['#integer', '#oddNumber']",Numbers
654,zR1_RSh0sgU,['#fastCalculation'],Arithmetic
655,QR2vxfwiHAU,['#ellipse'],Geometry
656,LoaBd-sPzkU,"['#area', ' #perimeter']",Geometry
657,CA8sbnH9eJE,['#squareRoot'],Arithmetic
658,gBbHym3y_NM,['#heronsFormula'],Geometry
659,y92Ea2vW5xc,['#polynomialOperations'],Algebra
660,VjmFKle7xIw,['#lawofsines'],Trigonometry
661,fYQ3GRSu4JU,['#radians'],Trigonometry
662,7JOn2K8q6gM,"['#obtuseTriangle', '#rightTriangle', '#equilateralTriangle', '#scaleneTriangle', '#acuteTriangle', '#isoscelesTriangle']",Geometry
663,IV_m_uZOUgI,"['#arithmeticMean', '#modeInStats', '#median']",Statistics and probability
664,gO8jx3ljWqs,"['#circleArea', '#cylinderVolume', '#circleCircumference']",Geometry
665,BiagrTl2y4o,['#triangleInequality'],Geometry
666,tJ5sLuRorIM,['#eulersFormula'],Trigonometry
667,bAerID24QJ0,['#equation'],Algebra
668,dux1TBAmndM,['#ulamSpiral'],Arithmetic
669,W_t9m1MLamw,['#convertDecimalsToFractions'],Numbers
670,puku5vUCOcE,['#ratio'],Numbers
671,GbfIAJV4DnU,"['#correspondingAngles', '#co-interiorAngles']",Trigonometry
672,JGU74wbZMLg,"['#arcsine', '#unitCircle', '#trigonometry', '#inverseTrigFunctions']",Trigonometry
673,CJ3mHDHOIOY,['#octagon'],Polygons lines and quadrilaterals
674,XGbOiYhHY2c,['#primeFactorization'],Arithmetic
675,OAoLCXpao6s,['#negativeNumber'],Numbers
676,h7ZAQfNh8XA,"['#similarity', '#congruence']",Geometry
677,ai_GZnVY5Qo,"['#regularPolygon', '#apothem']",Geometry
678,iulx0z1lz8M,['#quadraticFormula'],Algebra
680,JXwNu5J_-TU,['#incenter'],Geometry
681,ZPv1UV0rD8U,"['#pi', '#tau']",Algebra
682,nBHKHF7zfk8,"['#prismVolume', '#crossSection']",Geometry
683,tYv-Pchyu0Y,['#perfectSquare'],Arithmetic
684,DIjlllgq3dc,['#probability'],Statistics and probability
685,l_KW_pRkEzg,"['#cone', '#coneVolume']",Geometry
686,sJVivjuMfWA,"['#probability', '#pi']",Numbers
687,Cld0p3a43fU,['#calculus'],Calculus
688,yVquId7xJQY,['#lawOfSines'],Trigonometry
689,B1HEzNTGeZ4,"['#modeInStats', '#median', '#arithmeticMean', '#data']",Statistics and probability
690,Smh41VANtVE,"['#sphereVolume', '#coneVolume']",Geometry
692,FI65V6MqETQ,"['#trigonometry', '#sine', '#cosine']",Trigonometry
693,eEQMNczG5K0,['#ed-division'],Exploding Dots
694,9v8Gd3E7H8s,"['#correlation', '#scatterPlot']",Statistics and probability
695,ET2LyLsCGQE,['#polyhedron'],Polygons lines and quadrilaterals
696,eEooTqhR7Js,['#perpendicularBisector'],Geometry
697,xMj3jzFDZ38,['#fermatLittleTheorem'],Arithmetic
698,HZVFRkEDvkQ,['#cubicUnit'],Polygons lines and quadrilaterals
699,DuYgVVU_BwY,"['#log', '#graphOfFunction', '#graph']",Logic and discrete maths
700,CcrzyOqFmTU,"['#convertKilometersToMeters', '#convertMetersToCentimeters']",Measurement
701,YNutS8eIhEs,"['#sphereVolume', '#cylinderVolume', '#coneVolume']",Geometry
702,DK5Z709J2eo,"['#infinity', '#limits']",Calculus
703,2VrXRiHxYsk,['#proportion'],Numbers
704,3cdT-e-y7lM,['#associativeOperation'],Algebra
705,KPZnoF0V9ZI,['#commonDenominator'],Numbers
706,CiH2_YJJCRs,"['#parabola', '#graphOfFunction']",Algebra
707,8t1TC-5OLdM,"['#evenNumbers', '#zero']",Numbers
708,PhLc6B5WXtc,"['#surfaceArea', '#volume', '#prismVolume']",Geometry
709,e7JX4Rjk44g,['#numberLine'],Numbers
710,ZMLFfTX615w,['#multiplyBinomials'],Arithmetic
711,aUWUBGhAPM8,['#continuity'],Calculus
712,_9NGZH-uTWE,['#absoluteValue'],Numbers
713,a9kIVL-laYE,['#stemAndLeafPlot'],Statistics and probability
714,eTSVTTg_QZ4,"['#variable', '#formula']",Algebra
715,9k9xL9w7-3w,['#partition'],Arithmetic
716,4DETMhTC0H0,['#hexagon'],Polygons lines and quadrilaterals
717,UN0nOrs_4EY,['#skewLines'],Polygons lines and quadrilaterals
718,04N79tItPEA,['#circle'],Geometry
719,O7R63RW8iPw,['#conditionalProbability'],Statistics and probability
720,J0KKBJcSsFo,['#cubeRoot'],Arithmetic
721,w9jEq6dmqPg,['#ray'],Polygons lines and quadrilaterals
722,og9tGNJZf8Q,['#ed-decimals'],Exploding Dots
723,3K-12i0jclM,['#ulamSpiral'],Arithmetic
725,pjFE00S6F2k,['#leastSquares'],Statistics and probability
727,xdEn5tiIMpQ,['#numberLine'],Numbers
728,ClYdw4d4OmA,['#orderOfOperations'],Arithmetic
729,YB1XuQ1Pc5s,['#linear'],Algebra
730,tFhBAeZVTMw,['#parallelogramArea'],Polygons lines and quadrilaterals
731,Qn8TuzrEeRo,"['#approximation', '#estimate', '#quotient']",Arithmetic
732,dTWKKvlZB08,"['#fibonacciNumber', '#goldenRatio']",Arithmetic
733,Y2-tz27nKoQ,"['#decimal', '#fraction', '#convertFractionsToDecimals']",Numbers
734,rDLDGQMKT3M,['#imaginarynumber'],Numbers
735,YboycCW1uNM,['#fortyFiveFortyFiveNinetyTriangle'],Geometry
736,qmfXyR7Z6Lk,['#fractionMultiplication'],Numbers
738,PEMIxDjSRTQ,"['#numberTheory', '#unsolvedProblems']",Arithmetic
739,D2xYjiL8yyE,"['#root2', '#pi', '#limits']",Arithmetic
740,9hryH94KFJA,['#analyticgeometry'],Geometry
741,QRS7wNhM78M,['#range'],Statistics and probability
742,Ei54NnQ0FKs,['#lawofcosines'],Trigonometry
743,X9mtb1j21to,['#pythagoreanTriple'],Arithmetic
744,zzPn-Op12Dc,['#dice'],Statistics and probability
745,5oHJcmYbHvA,['#integer'],Numbers
746,L02RYFevH-Q,['#ed-beyond'],Exploding Dots
747,QxVlJskOJAk,['#commonDenominator'],Numbers
748,G8cD5NMOMcs,"['#riddlesAndChallenges', '#algorithm']",Algebra
749,03Iyfk_dvZU,"['#rightTriangle', '#acuteTriangle', '#obtuseTriangle']",Geometry
750,rfG8ce4nNh0,"['#calculus', '#integral']",Calculus
751,XtSqJzZVnmk,['#co-interiorAngles'],Trigonometry
753,47wjId9k2Hs,['#positiveNumber'],Numbers
754,UQ3a2QH_-GU,['#floorFunction'],Calculus
755,A8tpDsIsFyA,['#arcsine'],Trigonometry
756,QhDDpSju3uY,['#factorial'],Arithmetic
757,7aFpLycMpFQ,"['#cylinderVolume', '#coneVolume']",Geometry
758,-LWhtRg0Bo4,['#angleVertex'],Trigonometry
759,SL2lYcggGpc,"['#geometry', '#paperFolding']",Geometry
760,xC-fQ0KEzsM,['#distributiveProperty'],Statistics and probability
761,7-pdYSmROQQ,"['#remainderTheorem', '#factorTheorem']",Algebra
762,QAMXSU40ZgA,['#continuedFractions'],Numbers
763,AgbW1_RnSOU,"['#graphOfFunction', '#transformation', '#graph']",Logic and discrete maths
764,IxNb1WG_Ido,"['#sine', '#tangent', '#cotan', '#sec', '#cosec', '#cosine', '#trigonometry']",Trigonometry
765,_n1126GoxbU,['#shape'],Geometry
766,DHA4EkVyT4w,['#union'],Logic and discrete maths
767,-ypD6fy8KMg,['#weightmeasurement'],Measurement
768,v-pyuaThp-c,"['#parabola', '#hyperbola']",Algebra
769,GEId0GonOZM,['#deductiveReasoning'],Logic and discrete maths
771,PVM4UvrYRqo,"['#area', '#polygon']",Geometry
772,digoW9eIMw4,['#divisability11'],Arithmetic
774,jfj63DWkggo,['#mentalArithmetic'],Arithmetic
775,FPNhCVZlbJs,['#convertDecimalsToFractions'],Numbers
776,yIRFON453Cg,['#maximum'],Calculus
777,5ZCXfxCMnZs,['#sample'],Statistics and probability
778,U6xJfP7-HCc,"['#base12', '#baseRepresentationOfNumbers']",Numbers
779,_s5RFgd59ao,['#formula'],Algebra
780,bhMyvC7o97Y,"['#pythagorasTheorem', '#rectangleArea']",Geometry
781,RvtdDA4RgQE,['#inverseTrigFunctions'],Trigonometry
782,6y4cM43J6-U,['#frontEndRounding'],Numbers
783,AzJs36FqkGU,['#isoscelesTriangle'],Geometry
784,WT1ZqSx9Qdw,['#ed-addition'],Exploding Dots
785,KlqRk6Yzuu8,['#ed-multiplication'],Exploding Dots
786,JdLQpdy3eDA,['#simplifyRadical'],Arithmetic
787,-UnNRGF8R40,['#arcLength'],Geometry
788,7Qy_mX9s6k0,['#regularPolygon'],Polygons lines and quadrilaterals
789,c8jh-rruUAU,['#scalar'],Algebra
792,YKfYBNpFJJ4,['#division'],Arithmetic
793,xf4d6TqmV6U,['#xaxis'],Algebra
795,AMXIC2E-I34,"['#circumcenter', '#triangle']",Geometry
796,Lxk0OLUzhr0,['#zeroToPowerZero'],Arithmetic
797,qmeW-vwrVRo,"['#angleSideAngleCongruentTriangles', '#sideAngleSideCongruentTriangles']",Geometry
798,qPRGtIlqpG8,['#timesTable'],Measurement
799,yiREqzDsMP8,['#quadrilateral'],Polygons lines and quadrilaterals
800,JuzIWhyNUcc,"['#rhombusArea', '#kiteArea']",Polygons lines and quadrilaterals
801,QJYmyhnaaek,['#pythagoreanTriple'],Arithmetic
802,GiGLhXFBtRg,"['#centroid', '#triangle', '#triangleMedian']",Geometry
803,x-trHUobL2Q,['#fastCalculation'],Arithmetic
804,xGOQYTo9AKY,['#completeSquare'],Algebra
805,SpGFEwGm_Yg,['#dice'],Statistics and probability
807,5CeBlu260Rw,"['#trapezoid', '#quadrilateral', '#rhombus', '#parallelogram', '#rectangle', '#square']",Polygons lines and quadrilaterals
808,bG7cCXqcJag,"['#rationalNumber', '#irrationalNumber']",Numbers
809,7QMoNY6FzvM,"['#parabola', '#graphOfFunction', '#graph']",Logic and discrete maths
810,rwDgfxTulpI,['#octagon'],Polygons lines and quadrilaterals
811,whYqhpc6S6g,['#circleArea'],Geometry
812,I6hz8mhaRB0,['#logic'],Logic and discrete maths
813,z8vj8tUCkxY,"['#trigonometry', '#degree', '#radian']",Trigonometry
814,4F_FVwAfX0I,['#perfectSquare'],Arithmetic
815,O-cawByg2aA,"['#circleArea', '#circleCircumference']",Geometry
816,Ohp1PpzrRhE,['#leastSquares'],Statistics and probability
817,GmS-p1S_t5E,['#congruence'],Geometry
818,-9OUyo8NFZg,['#eulersIdentity'],Trigonometry
819,6agzj3A9IgA,['#completeSquare'],Algebra
820,1hyvHQ78nl4,['#cosine'],Trigonometry
821,a2L27dTOyHk,['#circlearea'],Geometry
822,GTwrVAbV56o,"['#geometry', '#equilateralTriangle', '#hexagon']",Geometry
824,DRg2VCo8lP0,['#rectanglearea'],Polygons lines and quadrilaterals
825,K0Nqpf7Dcrc,"['#estimate', '#product', '#approximation']",Arithmetic
827,QncgmzH6yQU,['#circle'],Geometry
828,Be1cIyq9uBA,['#romanNumerals'],Numbers
829,03G5_hM5GfM,"['#convexity', '#polygon']",Algebra
830,7g69wLn0UjI,"['#surfaceArea', '#cuboid']",Geometry
831,IQofiPqhJ_s,['#primeNumber'],Numbers
832,P3TIC3ROf2I,['#polynomialDivision'],Algebra
833,hX-BsyXGyb8,"['#modeInStats', '#median', '#arithmeticMean', '#range', '#centralTendency']",Statistics and probability
834,bq9mhjsQEPw,['#primeNumber'],Numbers
836,W21HgSUt8vI,['#antiderivative'],Calculus
837,El7zOrCDzBs,['#dilation'],Geometry
838,7IyN_HrQx20,"['#sec', '#cosec', '#cotan']",Trigonometry
839,0671cRNjeKI,['#perpendicular'],Polygons lines and quadrilaterals
840,D9KDywbROHw,"['#measurement', '#measure']",Measurement
841,K1h8Cy18NpM,['#polynomialMultiplication'],Algebra
842,o-ZbdYVGehI,['#polynomial'],Algebra
843,YvjkPF6C_LI,"['#inverse', '#matrix']",Algebra
844,nBdWxsm6x5M,['#fraction'],Numbers
846,G-T_6hCdMQc,"['#sine', '#cosine', '#trigonometry', '#tangent']",Trigonometry
847,q8k-sS7qRts,['#trigonometry'],Trigonometry
848,CfJzrmS9UfY,['#combinatorics'],Statistics and probability
849,slQu7igTMWU,['#quadraticFormula'],Algebra
850,xPVcgv99KQA,"['#longDivision', '#ed-division']",Arithmetic
851,H4akM87VZm8,['#regularPolygon'],Polygons lines and quadrilaterals
852,0LtGYuhUWC4,['#binomialCoefficient'],Statistics and probability
853,DiBwg5cNP84,['#convertFractionsToDecimals'],Numbers
855,Sdt2aQjGY_g,['#event'],Statistics and probability
856,9Y7gAzTMdMA,['#zero'],Numbers
857,f1yDExNAEMg,"['#contradictionProof', '#root2', '#squareRoot']",Arithmetic
858,KG6ILNOiMgM,"['#placeValue', '#decimal', '#decimalPlaces']",Numbers
859,5bTpePubSqw,['#fractionAddition'],Numbers
860,7jlhIclKQZs,['#e'],Numbers
861,v8uXUIOKGYA,"['#perimeter', '#rectangleArea']",Measurement
862,B7vDa7PNfJ8,['#sector'],Geometry
863,o6W6P8JZW0o,"['#protractor', '#angle']",Trigonometry
864,30X37X1uk2o,['#mentalArithmetic'],Arithmetic
866,8NSwGvpbr2k,"['#parallelogramArea', '#triangleArea', '#rectangleArea']",Polygons lines and quadrilaterals
868,E2lGlZWoRr8,['#isoscelesTrapezoid'],Polygons lines and quadrilaterals
869,81SseQCpGws,"['#slope', '#graphOfFunction', '#line', '#graph']",Logic and discrete maths
870,0S5VfMNqgaM,"['#matrix', '#determinant']",Algebra
871,JfqLblHox3o,['#similarTriangles'],Geometry
872,3Ixp3PeAErI,"['#completeSquare', '#radius', '#circle']",Geometry
874,Uz2LMtUUEGw,['#pi'],Numbers
875,4mEk7d8oRho,['#icosahedron'],Polygons lines and quadrilaterals
876,JZCD5r6WUvQ,"['#tangent', '#intersection', '#asymptote']",Algebra
877,Ok1by1WmmUc,['#ed-basics'],Exploding Dots
878,BZxZ_eEuJBM,"['#complexNumber', '#complexConjugate', '#complexDivision', '#complexMultiplication', '#complexAddition']",Arithmetic
879,J51ncHP_BrY,['#volume'],Geometry
880,GTx-rXTQg1o,['#rationalRootTheorem'],Arithmetic
881,3xwDryouw6o,"['#fraction', '#fractionArithmetic']",Numbers
882,pxVAWYOe34c,['#lawOfCosines'],Trigonometry
884,SSNA9gaAOVc,"['#solvingEquations', '#orderedPair']",Algebra
885,GTZ4OzC1s1c,['#binomialDistribution'],Statistics and probability
886,_01wqwsb66E,"['#commonFactor', '#gcd']",Arithmetic
887,WUvTyaaNkzM,['#calculus'],Calculus
888,IsvdlrVpQAo,['#absoluteValueEquations'],Algebra
889,GSnf0E3t5CM,['#rotation'],Geometry
890,Xt_i0Y6c0Ww,['#montyHallProblem'],Statistics and probability
891,60btq9PN8IM,['#vector'],Algebra
892,V6Xynlqc_tc,"['#linear', '#intersection', '#intersectingLines']",Polygons lines and quadrilaterals
895,bcp9pJxaAOk,['#midpoint'],Polygons lines and quadrilaterals
896,2HrSG0fdxLY,['#complexnumbers'],Numbers
897,bFOkt9zQZGg,['#factorial'],Arithmetic
898,SCljAW5C-qY,['#mobiusStrip'],Geometry
899,LGqBQrUYua4,['#longDivision'],Arithmetic
900,iVvGbDr-7lQ,"['#analyticGeometry', '#gradient']",Calculus
901,GbQQcrwYHt0,['#hypotenuse'],Geometry
902,QSEKzFGpCQs,['#primeNumber'],Numbers
903,_0x7uCiC0Uc,"['#commonFactor', '#algorithm', '#factor', '#gcd', '#algorithm', '#euclideanAlgorithm']",Arithmetic
904,d0Z8wLLPNE0,['#pendulum'],Calculus
905,z8deq-zdaIg,['#pythagorastheorem'],Geometry
906,d9pO2z2qvXU,"['#rationalNumber', '#irrationalNumber']",Numbers
907,5juto2ze8Lg,"['#fractionSubtraction', '#fractionAddition']",Numbers
908,pAHdpFNcS6o,['#perpendicularBisector'],Geometry
909,MFytqBe7VDE,"['#tangent', '#tan']",Trigonometry
910,NqbkvEK46xM,"['#convertFahrenheitToCelsius', '#units']",Measurement
911,UH7KGc0hENE,"['#kilometer', '#meter']",Measurement
912,AZroE4fJqtQ,['#linear'],Algebra
913,0s4qX1wBuJw,['#integral'],Calculus
914,LU3R2JE5c_U,['#fractionMultiplication'],Numbers
916,QFTDofic0Ek,"['#convertFahrenheitToCelsius', '#convertCelsiusToFahrenheit']",Measurement
917,RVYwunbpMHA,"['#longMultiplication', '#multiplication']",Arithmetic
918,AtBUQH8Tkqc,"['#equivalentFractions', '#simplifyFractions']",Numbers
919,_n3KZR1DSEo,"['#straightAngle', '#supplementaryAngles', '#complementaryAngles', '#rightAngle', '#obtuseAngle', '#acuteAngle', '#protractor', '#angle']",Trigonometry
920,0KjG8Pg6LGk,"['#curve', '#formula']",Algebra
922,OLHqRt8GJJY,['#standardDeviation'],Statistics and probability
923,xmjy-0TxgI8,['#naturalLog'],Numbers
924,2MNalT1g3m8,"['#games', '#hexagon', '#boardGames']",Polygons lines and quadrilaterals
925,V-Q6jBYn3Oc,['#syntheticDivision'],Algebra
926,Q33F9vyis1g,['#ed-subtraction'],Exploding Dots
928,jFd-6EPfnec,"['#commonFactor', '#gcd']",Arithmetic
929,m9Hf36rOhYc,['#binomialTheorem'],Statistics and probability
930,9teKXGoWIQM,['#variable'],Algebra
931,xueJ4hH-lr0,['#absoluteValue'],Numbers
932,1jz7S1Cefsk,['#polarCoordinates'],Measurement
933,QRyi_q85RyQ,"['#polynomial', '#graphOfFunction', '#factorization', '#graph']",Logic and discrete maths
934,kWndpHMpUlY,"['#log', '#digit']",Numbers
935,3hwvcs3DubE,['#polygonExteriorAngle'],Polygons lines and quadrilaterals
936,EDauz38xV9w,['#dice'],Statistics and probability
938,XeCxmaIv588,['#ed-polynomials'],Algebra
939,2kfPL98h-mQ,['#differentialEquation'],Calculus
940,rRTXKQpblEc,['#trianglearea'],Geometry
941,-CWJIGc5Msk,['#areaBetweenTwoCurves'],Geometry
942,XS4xSytnAm8,"['#cylinderVolume', '#coneVolume']",Geometry
943,I5zZMBzUZfk,['#areaBetweenTwoCurves'],Geometry
944,ZfKTD5lvToE,['#perfectNumber'],Numbers
945,FI1pSWfBtvQ,['#kilogram'],Measurement
946,FMMZk9reas8,['#triangle'],Geometry
947,q5ozBnrd5Zc,['#primeNumber'],Numbers
948,TDXSE4s9b84,['#pyramidVolume'],Geometry
949,YQ4Kv6zdOe0,['#dodecagon'],Polygons lines and quadrilaterals
950,3vN-6DA79N0,['#compoundInterest'],Algebra
951,gryB2leF6e0,"['#sideAngleSideCongruentTriangles', '#sideSideSideCongruentTriangles']",Geometry
953,prh72BLNjIk,['#sequence'],Calculus
954,UPmJ9_X2BbE,['#arctangent'],Trigonometry
955,Q9vYvyvDzI8,"['#rectangularPrismVolume', '#compositeShape', '#pyramidVolume']",Geometry
957,sskf3tF2heU,['#surfaceArea'],Geometry
958,ZL79DZSYA8g,['#centroid'],Geometry
962,jyLRpr2P0MQ,"['#circle', '#diameter']",Geometry
963,4ve7OaCnDLs,['#negativeMultiplication'],Arithmetic
964,S9qr06pc_sk,['#convertDegreesToMinutesAndSeconds'],Measurement
965,O2Z0YBv9aEo,['#decimalArithmetic'],Arithmetic
966,NsNaYwHtowA,['#dilation'],Geometry
967,RbAaKAR5ErM,['#fractionMultiplication'],Numbers
968,0iMtlus-afo,"['#pascalTriangle', '#binomial', '#triangle', '#binomialCoefficient']",Geometry
969,kmzNfokSuHA,['#billion'],Measurement
970,UgiRvl6iJzc,['#similarTriangles'],Geometry
971,_qvp9a1x2UM,['#complexNumber'],Numbers
972,b-MZumdfbt8,['#e'],Numbers
973,Vu4x2DKn12g,['#odds'],Numbers
974,Ac4Z1VMsE3E,['#random'],Statistics and probability
976,FJ5qLWP3Fqo,['#longMultiplication'],Arithmetic
977,zzu2POfYv0Y,['#log'],Numbers
978,2SUvWfNJSsM,"['#binary', '#sierpinskiTriangle', '#towersOfHanoi']",Geometry
979,8xdudWZx7PE,"['#convertGramsToKilograms', '#kilogram']",Measurement
980,4oNyyfBsWZw,['#sample'],Statistics and probability
981,DAikW24_O0A,['#convertPercentToDecimal'],Measurement
982,0Sx5aJoAkW8,['#logic'],Logic and discrete maths
983,AJn843kplDw,"['#gcd', '#algorithm', '#euclideanAlgorithm']",Algebra
984,H-ykHosJW9c,['#quadrilaterals'],Polygons lines and quadrilaterals
985,5yOadRCaxOY,['#cubeRoot'],Arithmetic
986,3UlE8gyKbkU,['#probability'],Statistics and probability
987,Cd5C6YtP4dE,['#midpoint'],Polygons lines and quadrilaterals
989,eZgzCVnmSvI,['#asymptote'],Algebra
990,GMnxIBReDfQ,"['#integer', '#oddNumber']",Numbers
991,ST2P6Sn3cuo,"['#correspondingAngles', '#similarTriangles']",Geometry
992,g8E_aDYxj_U,['#binomialDistribution'],Statistics and probability
993,gy8gmj7K7cQ,['#antiderivative'],Calculus
994,aW0oqTAdmKc,['#eulersIdentity'],Trigonometry
995,127MpSs0ZkY,['#vector'],Algebra
996,70UVUlobZyM,['#timesTable'],Measurement
997,VhokQhjl5t0,['#function'],Calculus
998,rPLjlO9KDW0,['#e'],Numbers
999,r9dn0yqc1u8,['#translation'],Algebra
1000,GvyMUkxDbcE,['#commonDenominator'],Numbers
1001,tm-_6sFdfk8,['#similarity'],Geometry
1002,bdMfjfT0lKk,"['#sierpinskiTriangle', '#towersOfHanoi']",Geometry
1003,GlSt9M3v6ik,['#absoluteValue'],Numbers
1004,U-goOl49wRo,"['#rectangle', '#rectangleArea']",Polygons lines and quadrilaterals
1005,G6J0lVp4YRQ,['#timedistancespeed'],Measurement
1007,nK-6NfelUaE,"['#perimeter', '#area']",Geometry
1008,NcADzGz3bSI,"['#longDivision', '#remainder', '#division']",Arithmetic
1009,O94fwp1E6Lg,['#interiorAngleSumForQuadrilateral'],Polygons lines and quadrilaterals
1010,zMkVUEPoz4k,"['#externalAngle', '#angle']",Trigonometry
1011,QgPfagOgOAc,['#fermatLittleTheorem'],Arithmetic
1012,JNPnE9qwKHM,['#timesTable'],Measurement
1013,Idxeo49szW0,['#arctangent'],Trigonometry
1014,ENIUcjdPO54,"['#simplifyFractions', '#squareRoot', '#denominator']",Numbers
1015,Kwdf-GeKJ_4,['#ed-polynomials'],Algebra
1016,NaL_Cb42WyY,"['#primeNumber', '#pi']",Numbers
1017,UBuPWdSbyf8,"['#fractal', '#dragonCurve']",Algebra
1018,2lbABbfU6Zc,['#quadraticformula'],Algebra
1019,pUGx98S_i50,['#surd'],Numbers
1020,uDzARGZQhjU,"['#quartile', '#measure']",Measurement
1021,vjOOhemquss,['#dodecahedron'],Polygons lines and quadrilaterals
1022,03kgmv50gBM,"['#complexMultiplication', '#complexDivision']",Arithmetic
1023,d8DAYzbmuBE,['#trapezoid'],Polygons lines and quadrilaterals
1024,6PkBllbG2HE,['#rectangleDiagonal'],Polygons lines and quadrilaterals
1025,8t2BDaszWmc,['#ed-basics'],Exploding Dots
1026,RvnGbWJzxAg,"['#curveFitting', '#exponent']",Arithmetic
1027,EtM9p-Fojd8,"['#similarTriangles', '#similarity']",Geometry
1028,8-Co_nx7gUg,['#sectorArea'],Geometry
1029,ybc2QAtsLw4,['#kilometer'],Measurement
1030,mIStB5X4U8M,['#multiple'],Arithmetic
1031,qiNcEguuFSA,"['#fermatLastTheorem', '#unsolvedProblems']",Arithmetic
1032,gVzu1_12FUc,['#platonicSolids'],Polygons lines and quadrilaterals
1033,3MqYE2UuN24,"['#awesomeVideos', '#parallelepiped']",Polygons lines and quadrilaterals
1034,c2XVtFMiYok,['#timedistancespeed'],Measurement
1035,uYtoJmfxD7k,['#ray'],Polygons lines and quadrilaterals
1036,OXXrsxA4f_4,['#differenceQuotient'],Calculus
1037,o5cq9BA_hlE,['#centralAngle'],Trigonometry
1038,bFNjA9LOPsg,['#pi'],Numbers
1039,L81vWvqGvJ8,"['#combination', '#permutation']",Arithmetic
1040,hQl6BTmAUaU,"['#infiniteSeries', '#arctangent']",Calculus
1041,eQzKo-eNahA,['#alternateAngles'],Trigonometry
1042,EcW-b-DrFWg,['#negativeNumber'],Numbers
1043,oeSclkumBNY,['#geometricMean'],Statistics and probability
1044,85-PsYvWprA,"['#combination', '#sequence']",Calculus
1045,VkeSelRDlq8,"['#pentagon', '#area', '#polygon']",Polygons lines and quadrilaterals
1046,UbUdyE1_b9g,['#fractionSubtraction'],Numbers
1047,-PEdvVgevNE,"['#cetimeter', '#measurement']",Measurement
1048,-qlom70xZ90,['#data'],Statistics and probability
1049,9tlHQOKMHGA,['#imaginaryNumber'],Numbers
1050,_QTFeOvPcbY,"['#geometry', '#rhombusDiagonal']",Geometry
1051,Ay80IWC3MRM,['#zero'],Numbers
1052,5ZHXzB28Kxc,['#exponent'],Arithmetic
1053,V3e7m-qFDFU,['#determinant'],Algebra
1054,twrfyZPZkrQ,['#primeNumber'],Numbers
1055,UeG_EYd-0xw,"['#commutativeOperation', '#addition', '#associativeOperation']",Algebra
1057,vuoQ2CqgAeU,['#circumference'],Geometry
1059,Gh8h8MJFFdI,['#perfectSquare'],Arithmetic
1061,Kpnad_I138Y,['#cubeRoot'],Arithmetic
1062,KxkMcZlohZg,['#algebra'],Algebra
1063,IQ5TuVdtKNU,"['#trigonometry', '#quadrant']",Trigonometry
1064,2BgWWsypzLA,['#infiniteSeries'],Calculus
1067,rR95Cbcjzus,['#percent'],Measurement
1068,qJwecTgce6c,"['#prism', '#volume']",Geometry
1070,GilfgIkM6wI,"['#congruentTriangles', '#congruence']",Geometry
1071,wF2hUCrzT2g,['#ed-decimals'],Exploding Dots
1073,nFS3uELWvOY,['#geometry'],Geometry
1074,bxe2T-V8XRs,['#artificialIntelligence'],Statistics and probability
1075,yk6wbvNPZW0,['#irrationalNumber'],Numbers
1076,KTUVdXI2vng,['#logic'],Logic and discrete maths
1077,815mr63EsrE,['#fractions'],Numbers
1078,Y31x9BlztjM,"['#primenumbers', ' #primeFactorization']",Arithmetic
1079,7DtWXEPB_AI,['#range'],Statistics and probability
1080,FGn2jtCjyvo,['#convertFractionToPercent'],Numbers
1082,3oyUeiG_mt0,"['#rationalFunction', '#graphOfFunction']",Arithmetic
1083,0es0yhnSdU4,"['#rectangle', '#area']",Geometry
1084,eTDaJ4ebK28,"['#arccos', '#unitCircle', '#trigonometry', '#inverseTrigFunctions']",Trigonometry
1085,5hKnWl1OK44,['#piecewiseFunction'],Calculus
1086,wShnYemIr28,['#equation'],Algebra
1087,-M0Fi0ijnJs,['#boxPlot'],Statistics and probability
1088,sLeabhtuUmg,['#ratio'],Numbers
1089,qQV05JbsoF0,['#commutativeOperation'],Algebra
1090,FhSFkLhDANA,['#topology'],Geometry
1091,HrRMnzANHHs,['#pi'],Numbers
1092,FsGYV2CL3Fc,['#centralAngle'],Trigonometry
1093,C-52AI_ojyQ,"['#trillion', '#quadrillion', '#million', '#billion']",Measurement
1094,g_AMNnFEI_A,['#simplifyRadical'],Arithmetic
1096,rVhU8Vyhz7c,"['#terminatingDecimal', '#nonTerminatingDecimal', '#rationalNumber']",Numbers
1097,n0DLSIOYBsQ,['#trigonometry'],Trigonometry
1098,lvAYFUIEpFI,['#ellipse'],Geometry
1099,8OzKe1wmAbY,['#ed-division'],Exploding Dots
1100,1UuiF3mskQA,['#similarTriangles'],Geometry
1101,Na3s6Foqzcc,['#kite'],Polygons lines and quadrilaterals
1103,eR_kQf-1fks,['#geometricSum'],Calculus
1104,AqFwKecNaTk,['#intersectingLines'],Polygons lines and quadrilaterals
1105,LWc8b_A6BPQ,"['#transformation', '#congruence']",Calculus
1107,CWhcUea5GNc,['#fibonacciNumber'],Arithmetic
1108,6qahSLDye2U,"['#convertPercentToFraction', '#convertDecimalsToFractions', '#convertDecimalToPercent', '#convertFractionToPercent', '#convertFractionsToDecimals', '#convertPercentToDecimal']",Numbers
1110,81zcjULlh58,"['#modeInStats', '#median', '#arithmeticMean', '#range', '#centralTendency']",Statistics and probability
1111,h0HcVonB_rQ,['#perpendicularBisector'],Geometry
1112,nfrS95Ub23Y,['#ed-multiplication'],Exploding Dots
1113,Pal-uS7onm4,"['#union', '#probability']",Logic and discrete maths
1114,3lVLhZ3ds-8,['#polynomialDivision'],Algebra
1115,zAHFNIjgm30,"['#divisibility6', '#divisibility4', '#divisability12', '#divisibility3', '#divisibility8', '#divisibility', '#divisibility9']",Arithmetic
1116,4EpI7UbQvUI,['#compoundInterest'],Algebra
1117,lubGnk0UZt0,['#cone'],Geometry
1118,UpUjJQGSlDY,['#log'],Numbers
1119,_9Wvu-R04go,['#subset'],Logic and discrete maths
1120,TTmkBrZYnJU,['#triangle'],Geometry
1121,36v2EXZRzUE,['#graphOfFunction'],Logic and discrete maths
1122,tnkPY4UqJ44,['#fractionDivision'],Numbers
1123,CkVJ8xa63ow,['#distributiveproperty'],Statistics and probability
1124,MqUWS4o_nkY,['#realNumber'],Numbers
1125,frBJEYvyd-8,['#absoluteValue'],Numbers
1126,0N-yb-grHTY,['#data'],Statistics and probability
1127,CHn_lLbnm8c,['#convertFahrenheitToCelsius'],Measurement
1129,ma0qXCyxiQo,"['#radius', '#circle', '#chord']",Geometry
1130,i5dkilkfBv8,['#frequencyDistribution'],Statistics and probability
1131,2hIfnw6Yhqo,['#e'],Numbers
1133,bIKmw0aTmYc,['#ratio'],Numbers
1134,2G_Jr_XpnY4,"['#divisibility3', '#divisibility6', '#divisibility', '#divisibility4', '#divisibility9']",Arithmetic
1135,HjCWHwBk_vg,['#ed-subtraction'],Exploding Dots
1136,lxjmR4pYIVU,['#commonDenominator'],Numbers
1137,AVScy7YsKM0,['#algorithm'],Algebra
1138,shEk8sz1oOw,['#fundamentalTheoremOfAlgebra'],Algebra
1140,3W8SeYgZcMo,"['#gcd', ' #lcm']",Arithmetic
1141,MtqtIiJsfiE,"['#reflection', '#symmetry']",Geometry
1142,Jm5Xl8xy6Wc,['#parabola'],Algebra
1143,inlMrf2d-k4,['#quadrilaterals'],Polygons lines and quadrilaterals
1144,E2jyimV3qm4,"['#similarTriangles', '#angleAngleSimilarTriangles']",Geometry
1145,oQhp3ndj28Y,"['#compoundinterest', ' #e']",Numbers
1146,EYKMLUxtRGY,['#base12'],Numbers
1147,VRV-HFvUVc8,['#decimalFraction'],Numbers
1148,F60TZWy4vIE,['#absoluteValueEquations'],Algebra
1149,GORkx4AAX_w,['#data'],Statistics and probability
1150,4IVoIuMsK0A,"['#discriminant', '#graph', '#quadraticFormula', '#quadraticEquation']",Algebra
1151,7WXijfIZh64,['#rate'],Calculus
1152,ysV6iF3Rmjo,['#shape'],Geometry
1153,Ag5_bfNGIno,"['#acuteAngle', '#obtuseAngle']",Trigonometry
1154,3SE6tzEqnx0,['#rhombus'],Polygons lines and quadrilaterals
1155,A4hjCmNOxtU,['#similarTriangles'],Geometry
1156,u3dexXyyb3c,['#distributiveproperty'],Statistics and probability
1157,-1MzoyzWxo4,['#parabola'],Algebra
1158,LpuPe81bc2w,"['#baserepresentationofnumbers', ' #binary']",Numbers
1159,wNcFAQHJWAU,['#pi'],Numbers
1161,DqoWOjzjoe0,['#circleArea'],Geometry
1162,Tz7TQljoiM8,['#cone'],Geometry
1163,x-Dqe5U1TXA,"['#placeValue', '#decimalPlaces']",Numbers
1164,swbSsQsrBRE,['#pascalTriangle'],Geometry
1165,PZOO7mIStnI,['#convertPoundsToGrams'],Measurement
1167,WQo_F34vTj4,['#histogram'],Statistics and probability
1168,Za7G_eWKiF4,['#independentEvents'],Statistics and probability
1169,Kkc9EEznhzU,['#recursiveDefinitionOfASequence'],Calculus
1170,G7zT9MljJ3Y,['#dice'],Statistics and probability
1171,b-7kCymoUpg,"['#geometry', '#induction', '#sequence', '#geometricSum', '#infiniteSeries', '#series']",Calculus
1172,jJqE0MveYKM,['#factoringBinomials'],Algebra
1173,e4LuX48rD_k,['#pythagorasTheorem'],Geometry
1175,wydlZ9lcEiQ,"['#evenNumbers', '#oddNumber']",Numbers
1178,SDkjRzWWBS4,['#ed-multiplication'],Exploding Dots
1180,NgbK43jB4rQ,"['#network', '#fourColorTheorem', '#theorem']",Logic and discrete maths
1182,oR1ukNC1pvA,['#rectangularPrism'],Polygons lines and quadrilaterals
1183,EnwWxMZVBeg,['#radians'],Trigonometry
1184,A3tQOGDxnwY,['#externalAngle'],Trigonometry
1185,ZLzzb8XkhCk,"['#divisibility3', '#divisibility9']",Arithmetic
1186,eLR3zKxpcso,['#parabola'],Algebra
1187,x0IaGTzYogU,['#matrix'],Algebra
1188,zLzLxVeqdQg,['#complexNumber'],Numbers
1189,Mkoc_TcPJAg,['#trinomial'],Algebra
1190,Ml8obLf4v08,['#formula'],Algebra
1191,uRkfAgQZAhY,['#binomial'],Statistics and probability
1192,j3-XYLnxJDY,['#trapezoid'],Polygons lines and quadrilaterals
1193,ij-EK-MZv2Q,['#negativeNumber'],Numbers
1194,EsLgiffa9Cc,['#base12'],Numbers
1195,lTJydnfGyyk,"['#probability', '#dice']",Statistics and probability
1196,3FManXv4mZM,"['#geometry', '#rhombusArea']",Geometry
1197,5RzDVNob0-0,['#associativeOperation'],Algebra
1199,qRFX_HK-6Ik,['#absoluteValue'],Numbers
1201,DBSqdRmRyFs,['#triangleMedian'],Geometry
1202,UvI-AMAtrvE,['#logic'],Logic and discrete maths
1204,2RMCxVicu8Y,['#perimeter'],Measurement
1205,M-Y0p8xmMf0,['#convertPercentToFraction'],Numbers
1206,CUKDzC5f6B4,"['#congruentTriangles', '#congruence']",Geometry
1208,dsySragIVEk,['#e'],Numbers
1209,yvzyC4VBpUU,['#complexnumbers'],Numbers
1210,mYg5gKlJjHc,['#geometricsum'],Calculus
1211,IvXgFLV2gOk,['#formula'],Algebra
1212,T23BbKHTH3o,['#angleAngleSideCongruentTriangles'],Geometry
1213,4yfDM5zV6H4,"['#converse', '#contrapositive']",Logic and discrete maths
1215,HCC96awA-FM,['#compareDecimals'],Measurement
1216,5qfOkmUAfNQ,['#measurement'],Measurement
1217,_jcW-ZgpRbM,"['#placeValue', '#convertDecimalsToFractions']",Numbers
1218,e7NU6yzr5dA,"['#cuboidVolume', '#cubeVolume', '#cuboid']",Polygons lines and quadrilaterals
1219,AZL-z63HHx0,['#polynomialMultiplication'],Algebra
1220,5kl28hmhin0,['#primeNumber'],Numbers
1221,fPcQn5G1PFA,"['#externalAngle', '#internalAngle']",Trigonometry
1222,--vh9zgZZmQ,['#slantAsymptote'],Algebra
1224,mtH1fmUVkfE,['#normalDistribution'],Statistics and probability
1225,wJ8KH-oKd9I,['#decimalArithmetic'],Arithmetic
1226,ZKKDTfHcsG0,['#primeFactorization'],Arithmetic
1227,6kuTrUO6Ahw,"['#measurement', '#measure', '#binomial', '#area']",Measurement
1228,YG15m2VwSjA,['#chainRule'],Calculus
1229,JTHhJgecPS4,"['#placeValue', '#decimal']",Numbers
1230,y3B2d7jZzrs,['#trapezoidHeight'],Polygons lines and quadrilaterals
1231,4EJay-6Bioo,"['#baseRepresentationOfNumbers', '#base16']",Numbers
1232,xX1sqV1nSAQ,['#convertDecimalsToFractions'],Numbers
1234,4ZpUjcLJEqw,['#algebra'],Algebra
1235,m5evLoL0xwg,['#geometry'],Geometry
1236,bY0i9Kmuyt4,"['#log', '#curveSketching']",Numbers
1237,tvnOWIoeeaU,['#differenceOfSquares'],Algebra
1238,p4dJ1nkmAW0,['#proportional'],Numbers
1239,RkxqLrK9veU,['#ratio'],Numbers
1240,3YwrcJxEbZw,['#realNumber'],Numbers
1241,c6-FJRda_Vc,['#proportional'],Numbers
1242,tboUQp2tAxw,['#associativeOperation'],Algebra
1243,JUzYl1TYMcU,['#gcd'],Arithmetic
1244,86NwKBcOlow,"['#graphOfFunction', '#simultaneousEquations', '#graph']",Logic and discrete maths
1245,O8fo4H_185g,['#gradient'],Calculus
1246,CfBYGFm5gPA,['#fractionAddition'],Numbers
1247,T647CGsuOVU,['#complexNumber'],Numbers
1248,DBV-R5it_Kw,['#terms'],Algebra
1249,njqrSvGz8Ps,"['#riddlesAndChallenges', '#montyHallProblem']",Statistics and probability
1250,oJ7uOj2LRso,['#platonicSolids'],Polygons lines and quadrilaterals
1251,Pcgvv6T_bD8,['#binomialCoefficient'],Statistics and probability
1252,m1CEt5vO6s0,['#logic'],Logic and discrete maths
1253,7JmTiTXn8Ag,['#numberLine'],Numbers
1254,mLeNaZcy-hE,['#triangle'],Geometry
1255,5J4R9eC37Hg,['#pythagorasTheorem'],Geometry
1256,ljROszF_rqs,['#linear'],Algebra
1257,C_iKTTI1E34,"['#exponent', '#power', '#squareRoot']",Arithmetic
1259,JEHejQphIYc,['#decimalArithmetic'],Arithmetic
1261,bmrPMW2VC3M,"['#arithmeticMean', '#centralTendency', '#median']",Statistics and probability
1262,2U91K1RyWPA,['#explodingDots'],Exploding Dots
1263,w2M5CzTFYfI,['#rounding'],Numbers
1264,4h54s7BBPpA,"['#function', '#functionDomain', '#graphOfFunction']",Calculus
1265,QFeG9CeeH88,['#rotation'],Geometry
1266,OE2g2SgPC6s,"['#perimeter', '#pythagorasTheorem']",Geometry
1267,3roTCMW4_u4,"['#externalAngle', '#internalAngle']",Trigonometry
1268,BYmnweEPpMY,['#convertFractionsToDecimals'],Numbers
1269,1I5oB4SLl1E,['#lcm'],Arithmetic
1271,IHd8jiUF3Lk,['#contrapositive'],Logic and discrete maths
1272,i8THsl3AYFI,['#geometricsum'],Calculus
1273,f_uwKZIAeM0,"['#artificialIntelligence', '#machineLearning']",Statistics and probability
1274,rd8tbD2eekM,['#coneArea'],Geometry
1275,7dRlpi8SZQ4,['#geometricMean'],Statistics and probability
1277,hhjujo8XFkA,['#perpendicularBisector'],Geometry
1280,ut3stmfLS8c,"['#set', '#union', '#intersection']",Logic and discrete maths
1281,vGuiy7NnJlM,['#congruentTriangles'],Geometry
1282,_JpwlTasQJ8,['#bisector'],Geometry
1283,1dqAOKdJmRI,['#rectanglearea'],Polygons lines and quadrilaterals
1285,J0_WUmh42do,"['#geometry', '#polygon']",Geometry
1286,7u6kFlWZOWg,['#probability'],Statistics and probability
1290,CMP9a2J4Bqw,['#transcendental'],Numbers
1291,zxKLbCWuGSQ,['#differenceOfSquares'],Algebra
1292,THwfbfFFgFg,['#ed-polynomials'],Algebra
1293,T971zHhZ3S4,"['#rightTriangle', '#hypotenuse']",Geometry
1294,ABDKOmamIwo,['#radians'],Trigonometry
1297,0DmgFtfy57Y,['#percentile'],Statistics and probability
1298,2yPv6xqu1Z8,"['#rectangularPrismVolume', '#rectangularPrism']",Polygons lines and quadrilaterals
1299,OcD1Ujnjy-g,['#rhombus'],Polygons lines and quadrilaterals
1300,lQK7ihLcdvc,"['#evenNumbers', '#primeNumber', '#oddNumber']",Numbers
1301,by9-_95Zn08,['#area'],Geometry
1303,PiPVl-U2tlw,['#numeral'],Numbers
1304,IwW0GJWKH98,['#arithmetic'],Arithmetic
1305,BLTr2MhRwdg,['#symmetry'],Geometry
1306,ZgoIb3V48Ig,['#thirtySixtyNinetyTriangle'],Geometry
1307,7puMMr_1shs,['#extrema'],Calculus
1308,JVrkLIcA2qw,['#pythagorasTheorem'],Geometry
1309,fjXj6asQSEk,['#transformation'],Calculus
1310,vB4FuGmfEGY,['#event'],Statistics and probability
1312,14-NdQwKz9w,['#fibonacciNumber'],Arithmetic
1313,WqhlG3Vakw8,['#pythagorasTheorem'],Geometry
1314,FCnNmUefrWA,['#ed-decimals'],Exploding Dots
1315,W1OkVkq2vFM,['#fermatLastTheorem'],Arithmetic
1316,A8YVK7kxZOw,"['#hexagon', '#area', '#polygon']",Polygons lines and quadrilaterals
1317,aN0L9CncAmI,['#parabola'],Algebra
1318,BG6mzScIF_0,['#absoluteValueEquations'],Algebra
1319,XYUVqM7FDho,['#triangleArea'],Geometry
1320,RSL8YA4LPXg,['#prismVolume'],Geometry
1321,Yyz8CVXw7sk,['#alternateAngles'],Trigonometry
1322,3XOt1fjWKi8,"['#numerator', '#denominator']",Numbers
1323,nyDDXVVtd9s,['#polynomialEndBehaviour'],Algebra
1324,qhbuKbxJsk8,['#timesTable'],Measurement
1325,b2C9I8HuCe4,['#boxPlot'],Statistics and probability
1326,Xmxs2wd_JDI,['#equivalentFractions'],Numbers
1327,Cxdyh7A4-Ho,"['#eulersIdentity', '#formula']",Algebra
1329,h9zUbWPqVpc,"['#complementaryAngles', '#supplementaryAngles']",Trigonometry
1330,UfEiJJGv4CE,['#numberLine'],Numbers
1331,EZ6dOlRQDBo,['#externalAngle'],Trigonometry
1332,oDoyv7wxqmU,['#arcLength'],Geometry
1333,sQboO7dx3-4,['#dice'],Statistics and probability
1334,l4j4XgVbuxc,['#orderedPair'],Algebra
1335,G-q2fvZuj0Q,['#continuedFractions'],Numbers
1336,m2MIpDrF7Es,"['#calculus', '#e']",Calculus
1337,ahdKdxsTj8E,['#polynomial'],Algebra
1338,OrzMXc2Z5aw,['#polygon'],Polygons lines and quadrilaterals
1339,fJZv9YeQ-qQ,['#boxPlot'],Statistics and probability
1340,C0vUVK_o5r0,['#triangleHeight'],Geometry
1341,fNk_zzaMoSs,['#vector'],Algebra
1342,GMoqg_s4Dl4,['#factoringTrinomials'],Algebra
1343,m0txx9w_5Go,['#polynomialDivision'],Algebra
1344,qdYx4qk2UHU,"['#obtuseAngle', '#acuteAngle', '#rightAngle']",Trigonometry
1345,MokI3Fi8jpc,['#percent'],Measurement
1346,MV40meqda3o,['#radians'],Trigonometry
1347,eV6iYvd4KS0,"['#negativeNumber', '#positiveNumber']",Numbers
1348,d9CROAHQhdQ,"['#analyticGeometry', '#triangleArea']",Geometry
1349,b7zXeVUz_r0,"['#parabola', '#graph']",Algebra
1350,N21Wh4Jqftc,['#fractionsubtraction'],Numbers
1351,1g_NHxiAZbs,['#bearing'],Measurement
1352,YLSvXcJiujg,['#equivalentFractions'],Numbers
1353,BSfxUcsVKwM,"['#arithmeticMean', '#centralTendency', '#measure']",Statistics and probability
1354,WlGuG_VZl5c,"['#perimeter', '#circleArea', '#area', '#circleCircumference']",Geometry
1355,_GkxCIW46to,"['#fibonacciNumber', '#formula']",Algebra
1356,ZOBlfastTJk,['#ratio'],Numbers
1357,dj1p_U4jPL0,"['#longDivision', '#division']",Arithmetic
1358,mqK63v2Jzks,['#goldenRatio'],Numbers
1359,MaSJk8_F500,['#equivalence'],Algebra
1360,DArQTsH6Y1s,['#isoscelesTriangle'],Geometry
1361,wA5HO-VIv5M,['#twinPrimes'],Numbers
1362,GX-YdOykky4,"['#rationalFunction', '#graphOfFunction']",Arithmetic
1363,VRzH4xB0GdM,['#log'],Numbers
1365,c9nUAXUSuII,['#transcendental'],Numbers
1366,NlHqdwTtcCY,"['#convexity', '#concavePolygon', '#concave', '#convexPolygon']",Algebra
1367,EIstpPXKWng,['#imaginarynumber'],Numbers
1368,UEK-VqI1wGg,['#polynomialDivision'],Algebra
1369,z37oW9fTqAY,['#correlation'],Statistics and probability
1370,KXyJX4LnbSU,"['#combination', '#combinatorics', '#permutation']",Statistics and probability
1371,8h-BeLqfa3E,"['#similarity', '#congruentTriangles', '#similarTriangles', '#congruence']",Geometry
1372,mrsF0IZ17VI,['#convertFractionToPercent'],Numbers
1373,z0pWasFTFnU,['#sample'],Statistics and probability
1374,pZccTYoL75k,['#coneArea'],Geometry
1375,TD6lcIIOeic,['#binary'],Numbers
1376,nI4o9pm7BsQ,"['#globalMathProject', '#explodingDots']",Exploding Dots
1378,Ez_-RwV9WVo,"['#analyticGeometry', '#midpoint', '#geometry']",Geometry
1379,6IVyQy9F3kU,"['#similarTriangles', '#similarity']",Geometry
1380,F_0yfvm0UoU,['#eulersIdentity'],Trigonometry
1381,JnEBO3OHaiA,['#mobiusStrip'],Geometry
1383,e0xJwdcpATM,['#infinity'],Numbers
1384,n5L6pesFoUg,['#bisector'],Geometry
1385,2hfoX51f6sg,['#fourierAnalysis'],Trigonometry
1386,RrrYInyIEGo,['#cartesianPlane'],Geometry
1387,Dt5fi89gA-0,['#triangleArea'],Geometry
1388,nAxA97JG7gU,['#percentile'],Statistics and probability
1389,RvvHn8-D2bc,['#primeFactorization'],Arithmetic
1390,QF0y46WWavM,['#conditionalProbability'],Statistics and probability
1391,fL9uRA0u-Mc,['#factoringTrinomials'],Algebra
1392,IYfoufW9RR0,['#geometricsum'],Calculus
1393,1SMmc9gQmHQ,['#binary'],Numbers
1394,D8P5XsE0gfE,['#permutation'],Arithmetic
1395,Tvq2RbkQsTY,['#ed-subtraction'],Exploding Dots
1396,jCBwHGtEV5M,['#ed-bases'],Exploding Dots
1398,noDSyLzVz2g,['#random'],Statistics and probability
1399,vstIoER3idM,['#ed-basics'],Exploding Dots
1400,jmIM5txH0oM,['#mentalArithmetic'],Arithmetic
1401,0uCslW40VHQ,['#expression'],Algebra
1402,oIV1zM8qlpk,['#parallelogram'],Polygons lines and quadrilaterals
1403,U33dsEcKgeQ,"['#graphTheory', '#games']",Logic and discrete maths
1404,-6HxjiW_KwA,['#probability'],Statistics and probability
1405,kuixY2bCc_0,['#matrix'],Algebra
1406,-S_l8GGxOhU,['#algorithm'],Algebra
1407,a5uNoOnEy_A,['#distributiveproperty'],Statistics and probability
1408,NFPrhLVCLms,"['#straightAngle', '#obtuseAngle', '#acuteAngle', '#rightAngle']",Trigonometry
1410,Ihws0d-WLzU,['#convertDecimalsToFractions'],Numbers
1412,AuD2TX-90Cc,"['#placeValue', '#decimalPlaces']",Numbers
1413,o-TWOYoxjUo,"['#complementaryAngles', '#supplementaryAngles']",Trigonometry
1414,bXASilfcQVs,['#slantHeight'],Geometry
1415,RvtdJnYFNhc,['#convertDecimalToPercent'],Measurement
1416,nNpDIbmUvo4,['#event'],Statistics and probability
1417,VWEN5tPa2CM,['#rounding'],Numbers
1418,SJWi7hM0Hbs,['#hexagonalNumber'],Numbers
1420,17tjFFO-BzU,['#trigonometry'],Trigonometry
1421,d-_eqgj5-K8,['#velocity'],Calculus
1422,U_q7R5JJvb4,['#integral'],Calculus
1424,3zQsYJi5pFE,['#velocity'],Calculus
1425,8mOjSllxp7Y,['#nonEuclideanGeometries'],Geometry
1426,z0-1gBy1ykE,['#degree'],Measurement
1427,M7kEpw1tn50,"['#cryptography', '#bigNumbers']",Numbers
1428,3mLCY-ldv10,['#expectation'],Statistics and probability
1429,zPd21soIZw0,['#sphereVolume'],Geometry
1430,Yl1aOD3CZbM,['#weightedMean'],Statistics and probability
1431,X-XayK70voA,['#coneArea'],Geometry
1432,Wrr83QShcEk,"['#riddlesAndChallenges', '#calculus']",Calculus
1434,5sS7w-CMHkU,"['#decimal', '#base16']",Numbers
1435,3N_yxLDPTyY,['#coneArea'],Geometry
1436,fd-E18EqSVk,['#rounding'],Numbers
1438,ov6z0RTlaW0,"['#plane', '#angle', '#intersectingLines']",Geometry
1439,KTvQXspWhbM,['#remainderTheorem'],Arithmetic
1440,mvmuCPvRoWQ,"['#symmetry', '#eulersFormula']",Geometry
1441,ukPjc3Oyad4,['#trianglearea'],Geometry
1443,9azy_rMf4S0,"['#graphOfFunction', '#plot', '#graph']",Logic and discrete maths
1444,II0cHJyEKX8,['#orthocenter'],Geometry
1445,NxbLXwXXp7Y,['#absoluteValue'],Numbers
1446,QkU4FZN8MY0,['#similarTriangles'],Geometry
1447,QxboPshf__g,"['#complexMultiplication', '#complexDivision']",Arithmetic
1448,cOcW9SIvP7w,['#annulus'],Geometry
1449,VMEV__2wW3E,['#deductiveReasoning'],Logic and discrete maths
1451,w1nlzDAVyzk,['#combination'],Statistics and probability
1452,Yhlv5Aeuo_k,"['#numberTheory', '#primeNumber', '#ulamSpiral']",Arithmetic
1453,UoLgHZAy6YE,['#coneVolume'],Geometry
1454,pNp8Qf20-sA,"['#function', '#imaginaryNumber', '#complexNumber']",Numbers
1455,ygH-Y5YG5kE,['#parabolaVertex'],Algebra
1456,wfemNvNXQKY,"['#complementaryAngles', '#supplementaryAngles']",Trigonometry
1457,Yu4eqwGFJK8,"['#regularPolygon', '#regularShape']",Geometry
1458,7l6jAFTQ0qM,"['#arcLength', '#sectorArea']",Geometry
1459,XkY2DOUCWMU,['#matrix'],Algebra
1460,YqWatH0Cgaw,['#heronsFormula'],Geometry
1461,aRGI4lafk8Y,['#inscribedAngle'],Trigonometry
1462,lxTQrsUip9g,"['#graphOfFunction', '#inequality', '#graph']",Logic and discrete maths
1463,XlQOipIVFPk,"['#topology', '#mobiusStrip']",Geometry
1465,6s4xS-JfX5w,"['#fastCalculation', '#subtraction']",Arithmetic
1466,qVqGNIg2w7c,"['#rightTriangle', '#thirtySixtyNinetyTriangle']",Geometry
1467,KNdUJQ_qd4U,['#compareFractions'],Numbers
1468,7f9_U85_YX4,['#sectorArea'],Geometry
1469,GDcVdBAnBdU,"['#geometry', '#rhombusDiagonal', '#rhombus']",Polygons lines and quadrilaterals
1470,Rie6kF1UZD0,"['#optimization', '#rectangleArea']",Calculus
1471,zzyT6NiyeTI,"['#similarity', '#similarTriangles']",Geometry
1472,Ub_z7ns4n60,"['#parallelLines', '#transversal', '#angle']",Polygons lines and quadrilaterals
1473,6Lm9EHhbJAY,['#geometry'],Geometry
1474,aW3qCcH6Dao,['#baserepresentationofnumbers'],Numbers
1475,xViupcHi8_Y,['#coneVolume'],Geometry
1476,uv9Mgs-cUA0,"['#algorithm', '#euclideanAlgorithm']",Algebra
1477,iscAHyfe3Pg,['#decimalArithmetic'],Arithmetic
1478,p_Hqdqe84Uc,['#countingNumbers'],Numbers
1479,kQF9pOqmS0U,['#circle'],Geometry
1480,VQQ11EIgk7U,"['#optimization', '#polygon']",Calculus
1482,Ip3X9LOh2dk,['#determinant'],Algebra
1483,UfUwTtaHyp8,['#rectanglearea'],Polygons lines and quadrilaterals
1484,tk2c7Bn2OH8,['#circumference'],Geometry
1485,Ilsu8o4O3r4,['#fibonacciNumber'],Arithmetic
1486,qEKNFOaGQcc,['#network'],Logic and discrete maths
1487,ffLLmV4mZwU,"['#algebra', '#polynomial']",Algebra
1488,zwAD6dRSVyI,"['#dimension', '#sphere', '#coordinate']",Geometry
1489,LDIiYKYvvdA,['#algebra'],Algebra
1490,FThDfpFLT7A,"['#convertDecimalsToFractions', '#convertRecurringDecimalToFraction']",Numbers
1491,KQqu0WnqvUA,['#factorTheorem'],Algebra
1492,MoMTm5QSKqI,"['#multiplication', '#array']",Arithmetic
1493,1EDCyM41BWQ,['#numeral'],Numbers
1495,wkZgk7yT_Ww,"['#surfaceArea', '#prism', '#prismVolume']",Geometry
1496,W2Ghl33EdOs,['#trapezoid'],Polygons lines and quadrilaterals
1497,KUhdMbx5ges,['#geometry'],Geometry
1498,vnEQcsQGmGo,['#correspondingAngles'],Trigonometry
1499,oNjNnfzuDC0,['#perfectNumber'],Numbers
1500,cC0fZ_lkFpQ,"['#circle', '#pi']",Geometry
1501,YjGVFPtNTHw,['#cube'],Polygons lines and quadrilaterals
1502,1u302YEJbhk,"['#reflection', '#congruence']",Geometry
