,youtubeVideoId,newHashtag
0,1op92ojA6q0,Exploratory mathematics
1,vwSqpaQMmcs,Exploding Dots
2,ptS2pAdBUjY,Statistics and probability
3,yNFHFhJ6VS0,Measurement
4,RU0wScIj36o,Exploratory mathematics
5,K79w3OpKako,Statistics and probability
6,CdtDU0nt4iQ,Measurement
7,3DIqvNjChpY,Geometry
8,qYAdXm69l8g,Calculus
9,EedbUsApuos,Geometry
10,Ue1_s85G0JU,Number theory
11,C82JyCmtKWg,Statistics and probability
12,SBvUMjuxf1o,Theorems and proofs
13,lOWXZFP8Vuc,Geometry
14,6dZLq77gSGU,Number theory
15,YokKp3pwVFc,Geometry
16,8RRo6Ti9d0U,Number theory
17,S9JGmA5_unY,Computer Science
18,3h4UK62Qrbo,Number theory
19,lOIP_Z_-0Hs,Number theory
20,ZQ-NRsWhOGI,Algebra
21,Ay0B6Kh9Y3Q,Number theory
22,Yajonhixy4g,Geometry
23,BTyzE-NDga8,Exploratory mathematics
24,xpk2mvZX2Ms,Geometry
25,F6zcGSY15Vw,Statistics and probability
26,Guf49aOi0SQ,Geometry
27,TFRHhcd986c,Algebra
28,h6OSBOdaLfI,Calculus
29,UHkueFmPC6s,Number theory
30,HlEx1TN-dqY,Number theory
31,HUti6vGctQM,Statistics and probability
32,oc0M1o8tuPo,Number theory
33,CA9XLJpQp3c,Number theory
34,uR70knMr2Hg,Logic & Discrete maths
35,AAY1bsazcgM,Measurement
36,lYLaaMObgkw,Logic & Discrete maths
37,0r3cEKZiLmg,Number theory
38,8dKQLDcA8QA,Geometry
39,ZElOxG7_m3c,Trigonometry
40,IJhNPpOj7r8,Geometry
41,KGMf314LUc0,Number theory
42,ZqbdVbkbrww,Algebra
43,8HJ9jWmkyuU,Geometry
44,oPXGb6G3TDs,Number theory
45,sD0NjbwqlYw,Theorems and proofs
46,MEuPzvh0roM,Number theory
47,V8_AcKoL2Fs,Exploratory mathematics
48,FrfFeUnunGk,Number theory
49,jKFqAHfWw50,Geometry
50,e7lbCq1ONtQ,Number theory
51,RCHe6fCHMuU,Geometry
52,kG4Fh_PrN-E,Statistics and probability
53,s4tS-ZmpJfw,Geometry
54,aircAruvnKk,Statistics and probability
55,HI5dTLL1r4c,Geometry
56,Gl-aQ-TBZZs,Geometry
57,sULa9Lc4pck,Number theory
58,iPLQgXUiU14,Calculus
59,Re0s1NPZ4ek,Geometry
60,BKOf_xBtgCk,Measurement
61,4TBVB4hLQhY,Number theory
62,ghJH4CtbBT4,Statistics and probability
63,IaQwWINzjtA,Statistics and probability
64,SZ5IGSDgpzk,Geometry
65,vo20OcefwHc,Algebra
66,aNrO5jLAV5g,Number theory
67,vIsDjbhbADY,Statistics and probability
68,HSpSQQNVosA,Calculus
69,cwnt4fB8KdI,Geometry
70,1-XmMhOIgaA,Statistics and probability
71,Vtz32adSl1Q,Number theory
72,otIjqzKlnXc,Measurement
73,Y1V5mZaMfTk,Measurement
74,vKG6xNPQWHw,Algebra
75,gGf7kFBzC48,Logic & Discrete maths
76,257TGWmxSv8,Measurement
77,Ktfo8D3cCr0,Geometry
78,JeVSmq1Nrpw,Measurement
79,T0a92gEDukY,Algebra
80,OmJ-4B-mS-Y,Exploratory mathematics
81,LqKpkdRRLZw,Theorems and proofs
82,Fqq10lt9X-M,Exploding Dots
83,_o0cIpLQApk,Number theory
84,8vhKBhhOMzE,Measurement
85,m-5CDVdglp4,Geometry
86,w0jRJP-_7Us,Algebra
87,SP-YJe7Vldo,Number theory
88,T7_m8lT-ecc,Number theory
89,5yecNfFyvF8,Logic & Discrete maths
90,XZRQhkii0h0,Number theory
92,3_VydFQmtZ8,Geometry
93,TFCQW8M15mw,Algebra
94,sOb9b_AtwDg,Statistics and probability
95,fh8gkPW_6g4,Number theory
96,JVGSKnKwIsc,Calculus
97,cr6W4O78Y6c,Calculus
98,1CiBuN6qraY,Logic & Discrete maths
99,9iulv2QvKwo,Measurement
100,alprjOchyEY,Number theory
101,IIQPHC5gZT8,Number theory
102,Igrkz1iVBXc,Algebra
103,PMakVCTQYh8,Geometry
104,rXZcYHVwkqI,Geometry
105,OKUVvAaCv_0,Number theory
106,AzTIbgUxga8,Theorems and proofs
107,qrvcWgdkGi8,Number theory
108,k_wJsio68D4,Trigonometry
109,l2luO5eNKXc,Number theory
110,zV7aDRMEt9U,Geometry
111,4XytYH35AP0,Number theory
112,egNI5ahmhsY,Statistics and probability
113,9_VCk9tWT0Y,Algebra
114,1wnIsgUivEQ,Number theory
115,uC09taczvOo,Number theory
116,izdZPx89ph4,Mathematicians
117,N0chS7qYj0Y,Number theory
118,UCigSz7yQpc,Geometry
119,b_uvofsYl9s,Theorems and proofs
120,i7idZfS8t8w,Algebra
121,xjCnmPvcmOo,Number theory
122,HxEQxS0QSwg,Measurement
123,5Mf0JpTI_gg,Geometry
124,j9PXeNcoagw,Economics
125,BWfDKHHZR2A,Number theory
126,t2qskEuDLRw,Geometry
127,Kp2bYWRQylk,Algebra
128,P-oFpsQlt-A,Statistics and probability
129,d0vY0CKYhPY,Exploratory mathematics
130,py5byOOHZM8,Statistics and probability
131,6saYBeHzArE,Geometry
133,HNlpx7v7T5g,Number theory
134,C6kn6nXMWF0,Geometry
135,k3aKKasOmIw,Statistics and probability
136,8howrlJVyxw,Algebra
137,KqFWHdaDyXM,Number theory
138,JnpqlXN9Whw,Number theory
139,86iU3fypTd4,Geometry
140,IFqna5F0kW8,Theorems and proofs
141,kmVfZ9o-2gg,Measurement
142,To_HvVM-ECE,Number theory
143,WYijIV5JrKg,Calculus
144,5sKah3pJnHI,Number theory
145,Rcb7ZUTOQ1I,Geometry
146,pyftYzmOwr4,Geometry
147,2h8XiqSnzaU,Number theory
148,JGFSEj-oxq4,Logic & Discrete maths
149,0Be_6Qaq1es,Calculus
150,AYnJv68T3MM,Statistics and probability
151,kCW3v5RMTZg,Geometry
153,cA6-tXehGFs,Calculus
154,lwQsaYBPRbE,Algebra
155,w9Pj48Pn2XU,Number theory
156,sg-7bRPt_fQ,Measurement
157,Mst8iZjIpFE,Number theory
158,3wjLGV9ibII,Geometry
159,UkjgJQaGx98,Calculus
160,z400r4gCoU4,Exploratory mathematics
161,t-ZtoNhEYWQ,Geometry
162,QKHKD8bRAro,Theorems and proofs
163,zqduFg0s5Q4,Measurement
164,E9_d_ET9yjI,Trigonometry
165,52tpYl2tTqk,Calculus
166,nJqyr8h22nY,Number theory
167,gSEYtAjuZ-Y,Statistics and probability
168,dWXIx5Th86s,Geometry
169,e4MSN6IImpI,Exploratory mathematics
170,zPCljb4rpcQ,Geometry
171,mDwN1SqnMRU,Logic & Discrete maths
172,mt6Nq0dzFjo,Calculus
173,w4zqR7GhrqQ,Geometry
174,VBinUUGwB2I,Trigonometry
175,PNYzQypZr-g,Geometry
176,DGKwdHMiqCg,Geometry
177,sG_6nlMZ8f4,Geometry
178,AYOB-6wyK_I,Exploratory mathematics
179,Nu6QUnlH79U,Logic & Discrete maths
180,thrx3SBEpL8,Number theory
181,_qyVzH3e1dY,Algebra
182,WipYqupv9wY,Algebra
183,z1iN_fD4UCg,Number theory
184,PJHtqMjrStk,Number theory
185,7xovCxIfDGE,Geometry
186,xa39G3aNPfo,Statistics and probability
187,-h3Oqhl8fPg,Number theory
188,-LGnjhQaJSw,Number theory
189,I6TBBzIvgB8,Algebra
190,hbhh-9edn3c,Geometry
191,cLP7INqs3JM,Number theory
192,JMjE9UTXioQ,Exploding Dots
193,paQ10POrZh8,Exploratory mathematics
194,LsXKJkmPmZM,Geometry
195,fxTsG4qkz1U,Geometry
196,dUhleJQ6QV4,Statistics and probability
197,HKQKjbdYNkA,Measurement
198,JJZDgjFRPXo,Measurement
199,bibPvcyNbdM,Geometry
200,KtT_cgMzHx8,Statistics and probability
201,Sl7E2m84Pf4,Algebra
202,VZ0jG3W53nE,Statistics and probability
203,Q4ihOCocaVw,Computer Science
204,NECjlQYjo4s,Geometry
205,DKh16Th8x6o,Number theory
206,mL91a26bsiY,Geometry
207,GWtlt3Rq2SU,Geometry
208,D269kESwjNU,Algebra
209,8wqx5FOsSKg,Geometry
210,RWbLzSMe_Uw,Geometry
211,X1E7I7_r3Cw,Number theory
212,3EB75Dy4dFE,Measurement
213,0MiWMY0OlvI,Number theory
214,2M9w79Y5Wn0,Exploding Dots
215,1E4GUE1har0,Number theory
216,VbtNy54ya9A,Statistics and probability
217,RYlD3TElQyw,Statistics and probability
218,-Liq8hlGeOk,Number theory
219,gB9n2gHsHN4,Exploratory mathematics
220,9Uc62CuQjc4,Algebra
221,jnxCLjgVY8Q,Geometry
222,IHZwWFHWa-w,Statistics and probability
223,0A83skSAxKI,Measurement
224,Dgcoa2yAUfw,Calculus
225,593w799sBms,Trigonometry
226,DrNns2fsRKw,Geometry
227,NB8dr9FjuxQ,Exploratory mathematics
228,NjpFjLo0QQc,Number theory
229,VWHHZAszbzQ,Algebra
230,gNqmI0f16QI,Geometry
231,QLGATwUoAXA,Geometry
232,4G_FmNm4BS0,Geometry
233,CaasbfdJdJg,Number theory
234,IidwVzW4rTA,Calculus
235,dbxJ6LD0344,Number theory
236,z3rUn1Urj4Y,Algebra
237,4F6cFLnAAFc,Number theory
238,y5yNi08cr6I,Geometry
239,0FezL36hK4E,Number theory
240,Kgudt4PXs28,Statistics and probability
241,QIO2F_R4btA,Geometry
242,xz6gBA0M9FY,Geometry
243,ygey0KMxIIc,Geometry
244,1otVf_HXLN8,Geometry
245,QXoQbWoIiRE,Statistics and probability
246,NjCIq58rZ8I,Number theory
247,mA2TT0NkRR0,Geometry
248,1pSD8cYyqUo,Statistics and probability
249,pZEmFSP3Z0I,Number theory
250,kspg_cObO1s,Geometry
251,wPZIa3SjPF0,Geometry
252,cIVpemcoAlY,Trigonometry
253,IDpnNnjFB1c,Algebra
254,P0idBBhGNgU,Mathematicians
255,Mn5NodgWUgw,Geometry
256,DxxM4e2X-3s,Number theory
257,pSTa8a36RCU,Geometry
258,0JW9P_T4P_Y,Algebra
259,FXgV9ySNusc,Algebra
260,KXZ6w91DioU,Geometry
261,O4ndIDcDSGc,Mathematicians
262,jFazrvLodrA,Number theory
263,5ywif1Zpeo4,Algebra
264,--LkIupj0jI,Measurement
265,e15GF1af6VA,Statistics and probability
266,MvA2QP5r9Xw,Number theory
267,lXwQEhu410c,Statistics and probability
268,S3IEeCyUWWA,Number theory
269,lI5NK7WKQOQ,Geometry
270,39OHW0nYfN0,Geometry
271,4PXDhTqDDxs,Measurement
272,3LPy1--FJ9I,Number theory
273,xCdxURXMdFY,Geometry
274,ineO1tIyPfM,Number theory
275,TeE-ypKj8ZI,Statistics and probability
276,ywJifQBqdWg,Theorems and proofs
277,5xtXAsR-fRQ,Algebra
278,yMzNaqdxiZY,Logic & Discrete maths
279,2dbasvm3iG0,Measurement
280,y2RHWA7t0WM,Measurement
281,8hhewFQ_K0w,Theorems and proofs
282,RAdTpC51nSE,Trigonometry
283,tuvwyrIbQ6Q,Number theory
284,LvByEdtMm3o,Algebra
285,4lkq3DgvmJo,Number theory
286,Vr1XlSra2uM,Number theory
287,7v1koVqwXK4,Algebra
288,AmN0YyaTD60,Geometry
289,y4B_EC5MNS8,Algebra
290,O7hsq9de_40,Geometry
291,QuX4XrmIsHQ,Number theory
292,pLInn6DZvo4,Geometry
293,28XOttw3Brs,Calculus
294,fjMU-km-Cso,Computer Science
295,IGlGvSXkRGI,Exploratory mathematics
296,yYxzq_O18Mg,Calculus
297,ijbuU75wiVo,Statistics and probability
298,ZtPsWriHwa8,Number theory
299,UH0HuxtBhEM,Algebra
300,rVF_08ItvOU,Exploratory mathematics
301,1m9p9iubMLU,Trigonometry
302,eMPspP_Rkio,Statistics and probability
303,SynLB0z7k2A,Exploding Dots
304,Y6x06SBbEcA,Number theory
305,hcYYmpUIjQQ,Number theory
306,oydj9zMLjIE,Number theory
307,p-0SOWbzUYI,Theorems and proofs
308,bv-X0TiVuBQ,Number theory
309,ctC33JAV4FI,Theorems and proofs
310,bf7zXiPyczQ,Geometry
311,V7mECV0M1ys,Number theory
312,LzjaDKVC4iY,Number theory
313,o_SeNKNnaBw,Geometry
314,T5Qf0qSSJFI,Number theory
315,-imFslMIN1g,Number theory
316,6nSfJEDZ_WM,Number theory
317,JPlnjLLXe2M,Exploratory mathematics
318,HdU_rf7eMTI,Number theory
319,9ubEYX7raoM,Geometry
320,0vhZS5CPsyI,Geometry
321,fs7fz3MLpC8,Logic & Discrete maths
322,NybHckSEQBI,Algebra
323,2_NZ1ql8B8Y,Geometry
324,ku4KOFQ-bB4,Number theory
325,spUNpyF58BY,Trigonometry
326,S2ec2wpYJ_0,Exploratory mathematics
327,hKkBlcnU9pw,Number theory
328,s6AOu2tqPQE,Economics
329,VrkQKiCqryk,Economics
330,AqW7HpbxH8U,Exploding Dots
331,A8NoBcYQJ1U,Trigonometry
332,v-6MShC82ow,Statistics and probability
333,XMJ72mtMn4Y,Geometry
334,68enNRhFORc,Calculus
335,GvCfD-8vWM0,Exploding Dots
336,oi2mrzVu0AE,Calculus
337,gsYEe-JxS5k,Number theory
338,FMYKfATSnoc,Exploratory mathematics
339,bxHbMiTTNag,Geometry
340,7cBRXayBNr4,Number theory
341,ZiTGmF4LqhY,Trigonometry
342,qDc_-GTipBk,Number theory
343,uf2ChRpFTZk,Theorems and proofs
344,IF0p1GhJE78,Exploding Dots
345,-u-O_2Hz82I,Geometry
346,83ofi_L6eAo,Algebra
347,b8EQnQ0SPYs,Geometry
348,GEuyDHMG0jY,Geometry
349,UPA3bwVVzGI,Number theory
350,Uf-Rl1e2I4Q,Measurement
351,Ka82QC4QvGA,Geometry
352,WkmPDOq2WfA,Exploratory mathematics
353,KCnbsR7nWyI,Geometry
354,E9GpfHQcdBg,Statistics and probability
355,9Xy-Bbzvlls,Algebra
357,kvLjpQ0XGao,Number theory
358,xP0q3WOBRks,Logic & Discrete maths
359,DhPtIf-hpuU,Number theory
360,0YErxSShF0A,Algebra
361,vxHrfIom-YA,Number theory
362,cCsjKuvFKnw,Geometry
363,bvglHQk-Ygs,Exploding Dots
364,GyN-qpVfOWA,Statistics and probability
365,PwDnpb_ZJvc,Number theory
366,Swm8tTLWirU,Number theory
367,80LA3zcmabY,Geometry
368,tsTItgnbqSk,Geometry
369,odfhFSnLaaw,Geometry
370,L-jh5fVhKuQ,Geometry
371,9XidOM0a4p8,Geometry
372,37SZqzfRKGg,Geometry
373,j5jkWFy323U,Geometry
374,fDMxOiS5g7k,Algebra
375,WgW_KwtBvro,Geometry
376,bbxO4HdCW5A,Geometry
377,ypp-ex99Sso,Statistics and probability
378,k37eIFf24fk,Geometry
379,F-wVOsbR1Zw,Measurement
380,0mKmYxuMirE,Geometry
381,Lp6t3PyT-Cg,Geometry
382,7XgjqkvKHRQ,Number theory
383,SfbjqVyQljk,Number theory
384,ViuCmrmjDBA,Calculus
385,AMWLONeZmbo,Trigonometry
386,ZNiRzZ66YN0,Exploratory mathematics
387,XMriWTvPXHI,Geometry
388,9xSgKqTxZbg,Geometry
389,3xyYs_eQTUc,Number theory
390,6wFTvYswogA,Geometry
391,iwo7JReFTeg,Geometry
392,CzghDI_6Gqs,Number theory
393,otzb_GkRiqQ,Geometry
394,d4KBMxwj5yQ,Exploding Dots
395,k5etrWdIY6o,Geometry
396,BHtE3JyZ-UQ,Algebra
397,gK9OgZ6eLx0,Geometry
398,6dUuBXV1drA,Statistics and probability
399,W-6hxPVzwA8,Exploratory mathematics
400,V3uNDe_i_1Y,Exploratory mathematics
401,_7sRiRxRhVQ,Number theory
402,8M0KwcND6a4,Calculus
403,BKh3gk4j0zA,Number theory
404,Wc5guJLDDqs,Geometry
405,dAgfnK528RA,Number theory
406,seUU2bZtfgM,Number theory
407,1I2IOx_x408,Calculus
408,JutzksM5PN4,Trigonometry
409,FEPXaoNVC-0,Number theory
410,h5XXu1tijXo,Number theory
411,AGFO-ROxH_I,Measurement
412,y9IKpjK93rg,Number theory
413,EFVrAk61xjE,Exploratory mathematics
414,ZUQ44XHkTPU,Geometry
415,6o_S7u7Ddx4,Algebra
416,x8-3OlB3G0M,Calculus
417,UClsMpLG_mg,Logic & Discrete maths
418,UuxsRlnXm0M,Geometry
419,tWRwgokr5uI,Geometry
420,PgxIad4c1ZI,Geometry
421,awUUQAISrxg,Measurement
422,XXjlR2OK1kM,Statistics and probability
423,y8DF4GxgiBs,Measurement
424,LglTy96144c,Number theory
425,n-v6pmZzxL0,Algebra
426,N4kDzoQOngY,Measurement
427,SIHFCPoFbIs,Geometry
428,DTUV5W0oh54,Measurement
429,udxwP26gTwA,Theorems and proofs
430,v03ndkXqAPQ,Exploding Dots
431,8gSRDfSu9wo,Geometry
432,kwh4SD1ToFc,Number theory
433,SG1bGeP8OP8,Number theory
434,T-aCweuimis,Geometry
435,JmyLeESQWGw,Number theory
436,ylwq3All8ho,Theorems and proofs
437,s0IOtwKMaEQ,Geometry
438,psvYu7S-8NU,Algebra
439,xBJuf6Yvm3I,Number theory
440,5Yy_unGaD-w,Statistics and probability
441,_WXndBGQnyI,Measurement
442,ECJfSyg_Obo,Geometry
443,EbCnJjUzXX8,Calculus
444,2flgolt6zsw,Exploding Dots
445,_DBllkBoErY,Trigonometry
446,g3LrOw1JMi8,Logic & Discrete maths
447,YeGATHHzNPA,Geometry
448,Yr53Ji4SZDg,Geometry
449,MG6gdBqQoYA,Exploding Dots
450,GtaoP0skPWc,Economics
451,WRsAQpFoEg0,Trigonometry
452,Pj8Zh0A-uLU,Algebra
453,qyTFvx_ZVOs,Measurement
454,r9LYqfqssS0,Number theory
455,-ZzgW3nf4Ls,Number theory
456,qAs50nzzrP4,Geometry
457,m5C8tIE2hv0,Geometry
458,imcooZyo4vE,Number theory
459,zanbFvLN3Go,Calculus
460,e0Fgyca6WCw,Geometry
461,w7--f3Jf-vo,Measurement
462,ebEkn-BiW5k,Statistics and probability
463,AALwyB5KSjs,Number theory
464,do_IbHId2Os,Measurement
465,N-Y0Kvcnw8g,Number theory
466,klkBxP3CZiE,Geometry
467,sy_2fpY5x7w,Number theory
468,Zvg_ahjd9EI,Geometry
469,d614Wg3EjqI,Number theory
470,J8rk1d2_Edw,Statistics and probability
471,HIELx5sm5k0,Geometry
472,ENKH97PYssg,Number theory
473,4Y9D0v0x4H8,Geometry
474,55G8037gsKY,Algebra
475,TpiVThfRl0I,Logic & Discrete maths
476,Lvr2YsxG10o,Measurement
477,q4vEI4mk8g0,Number theory
478,M7e-LByl_68,Geometry
479,s7NKLWXkEEE,Algebra
480,YS2K2SpvVIA,Geometry
481,hB6bfw622fo,Exploratory mathematics
482,-y1Ob0K63hc,Calculus
483,GIMMX55C9iU,Geometry
484,MaXfdPOheCA,Number theory
485,bU93aSJKMGw,Statistics and probability
486,6RMN5Pf1fHU,Geometry
487,0lvT7eF3Zks,Geometry
488,fyOKqQKpOvM,Geometry
489,y8acoaakvPM,Number theory
490,wuirukH_rg4,Exploratory mathematics
491,H18pyUN4U1M,Geometry
492,ngUyyFd86FQ,Statistics and probability
493,LPgAK7whEuw,Number theory
494,O3jvUZ8wvZs,Trigonometry
495,WcN2IW5VI5U,Exploratory mathematics
496,G2hsSMhCgAY,Geometry
497,sWgHtiTSywc,Algebra
498,i_0DXxNeaQ0,Statistics and probability
499,HKQbhpIwjrU,Trigonometry
500,IaoZhhx_I9s,Geometry
501,mxBoni8N70Y,Logic & Discrete maths
502,MPYNEYeLYaQ,Geometry
503,O8uXcewZJlw,Measurement
504,Z6cwpsDC_5A,Algebra
505,kISbq2p8ZOs,Number theory
506,3sjUOQLhsRY,Algebra
507,07DxrU5ZCEc,Calculus
508,4LYtLMmDuzw,Number theory
509,-QHff5pRdM8,Number theory
510,x8lx6AGnTXE,Exploding Dots
511,wCyC-K_PnRY,Algebra
512,jYf1kHEFAJ0,Statistics and probability
513,NY2zWGBXBhU,Statistics and probability
514,lmVxsjIbJhE,Geometry
515,Ce64D_yGDvY,Geometry
516,co5sOgZ3XcM,Calculus
517,9IUI3jtSEWU,Geometry
518,34tf3xSVKbw,Calculus
519,SxP30euw3-0,Statistics and probability
520,mkyZ45KQYi4,Statistics and probability
521,ua1K3Eo2PQc,Number theory
522,NajQEiKFom4,Exploratory mathematics
523,D6-lt-XgoG8,Number theory
524,MjAcASWqZS4,Algebra
525,15sLPp0YvQk,Number theory
526,aet_fPvVVv0,Logic & Discrete maths
527,hPV9RZkeRq4,Algebra
528,-N8J9R6_oqY,Calculus
529,dz5YpNFuhRQ,Trigonometry
530,OWq4UubK1FI,Number theory
531,qZ736F8ljYU,Theorems and proofs
532,vIl5F6uyMRQ,Geometry
533,9CxWFKfDvxQ,Number theory
534,gLWphGTjGHI,Number theory
535,w8QIjk_2i2w,Geometry
536,m4CjXk_b8zo,Theorems and proofs
537,nmaUyeKpwSM,Number theory
538,itaMNuWLzJo,Statistics and probability
539,XnEqfTjp66A,Number theory
540,vHYI93UV5Kg,Logic & Discrete maths
541,KU-Mkz9PFOo,Geometry
542,stgYW6M5o4k,Statistics and probability
543,DKC74YKJpNY,Algebra
544,QV9k6dRQQe4,Exploratory mathematics
545,Mdqt5EknXBg,Statistics and probability
546,N5vJSNXPEwA,Number theory
547,vCz_j47uK2U,Geometry
548,17IgK9b6P2M,Number theory
549,8Wxw9bpKEGQ,Algebra
550,rX8ZBP3nXvI,Number theory
551,RaFyvZW6Epw,Calculus
552,JykAGBSgCjY,Algebra
553,l3XzepN03KQ,Algebra
554,hmnMmkGeKPs,Exploratory mathematics
555,wqnpSzEzq1w,Calculus
556,0nFdIrJkd5Q,Measurement
557,5d_3IEofXfY,Statistics and probability
558,trOxUvdmDy8,Measurement
559,gzYk192apRw,Statistics and probability
560,SxMX18EniNw,Algebra
561,-QBJtmEVg9s,Geometry
562,Uq9OXC0Gzgw,Geometry
563,9ep48wATy7s,Geometry
564,3xbormMmuK4,Calculus
565,nhtUs6D0qUk,Algebra
566,B0ZcAWEvjCA,Exploratory mathematics
567,gNhVocsgQiE,Number theory
568,a4k7POs-J44,Number theory
569,UtgAAy-XvCQ,Measurement
570,PaA-g_z_E2E,Geometry
571,HMpSKjK9clA,Theorems and proofs
572,Dh-1POIy6CU,Number theory
573,IrvEHVn-fks,Measurement
574,IelS2vg7JO8,Geometry
575,nUyLnjgGumg,Number theory
576,NGztSAt5kGQ,Exploratory mathematics
577,4ywTWCaLmXE,Number theory
578,eVm063xmnow,Algebra
579,oYGvNlaxnbw,Geometry
580,Jni7E2RH43s,Trigonometry
581,hr3UtZJF_vE,Number theory
582,Htza-E2dQSY,Geometry
583,BRRolKTlF6Q,Number theory
584,Y6M89-6106I,Number theory
585,JgxkYThz-DA,Calculus
586,Uy_L8tnihDM,Number theory
587,1k0G-Y41jRA,Geometry
588,gS6TfWUv97I,Number theory
589,g1zfBqtjh2g,Algebra
590,DvCsRs6sSRQ,Geometry
591,adJhDvw4QZY,Calculus
592,V_cybADpD4U,Number theory
593,4vfAbIucc-8,Statistics and probability
594,YlGbU21AcQM,Algebra
595,V2N7-wOm9Zw,Algebra
596,eNrl-wBuPDg,Geometry
597,FYuA4AVoiiw,Geometry
598,4JcVCHQLgh4,Measurement
599,qynN6pMCsj8,Number theory
600,WBW32VvQr6E,Theorems and proofs
601,eFZOnAcuVLM,Algebra
602,AwzWp7mWrtg,Algebra
603,SPM1gfc2fBE,Geometry
604,o5HSxPQoY8g,Number theory
605,k1ZFZ3hTftg,Statistics and probability
606,44kYhWmhJyI,Geometry
607,xyVJZKu7Euw,Geometry
608,9xbJ3enqLnA,Number theory
609,4LQvjSf6SSw,Exploratory mathematics
610,sKTKcPflcAY,Geometry
611,Wf-HlVqZPHY,Number theory
612,gmimpKjIgd4,Number theory
613,LRaAxqQi42U,Algebra
614,CwIAfkuXc5A,Number theory
615,dvwf8DvNHT4,Calculus
616,vrjeuvHQatA,Number theory
617,mgx0kT5UbKk,Algebra
618,Zxm4Xxvzohk,Statistics and probability
619,y12Tt3bOmKA,Logic & Discrete maths
620,852yX-5-_N4,Measurement
621,DvZnh7-nslo,Exploratory mathematics
622,IBIJ6tUZKK0,Geometry
623,1aa8gZG0L_c,Calculus
624,q8n15q1v4Xo,Number theory
625,jexMSlSDubM,Measurement
626,3jGAcpK2V7Q,Number theory
627,XFDM1ip5HdU,Exploratory mathematics
628,M23a_RLRrbs,Geometry
629,qWcfiPi9gUU,Statistics and probability
630,4Lb-6rxZxx0,Statistics and probability
631,yuIX6r4tEv8,Exploratory mathematics
632,97svwzwRb3c,Algebra
633,Nu-lW-Ifyec,Number theory
634,RS6qmQXP8fc,Trigonometry
635,IJ0EQCkJCTc,Number theory
636,cBBTWcHkVVY,Computer Science
637,hfSj6_pkDq4,Calculus
638,zXoJlRFbktw,Geometry
639,TErJ-Yr67BI,Geometry
640,3v6mYNPyDoY,Statistics and probability
641,o6KlpIWhbcw,Geometry
642,Lh5APSELKBI,Geometry
643,f3w7sD_S9w8,Statistics and probability
644,qcuc3rgwZAE,Computer Science
645,XwIs1nlDQ2I,Algebra
646,2QMwh2dIo98,Geometry
647,hqr1DtXXHpY,Number theory
648,DxRdiShkw5I,Number theory
649,YOYQys52sPs,Geometry
650,1VSun4wX7UQ,Geometry
651,VnWRk0jk5JM,Number theory
652,nWy2lz-xD-Q,Geometry
653,8l-La9HEUIU,Number theory
654,zR1_RSh0sgU,Number theory
655,QR2vxfwiHAU,Geometry
657,CA8sbnH9eJE,Number theory
658,gBbHym3y_NM,Geometry
659,y92Ea2vW5xc,Algebra
660,VjmFKle7xIw,Trigonometry
661,fYQ3GRSu4JU,Trigonometry
662,7JOn2K8q6gM,Geometry
663,IV_m_uZOUgI,Statistics and probability
664,gO8jx3ljWqs,Geometry
665,BiagrTl2y4o,Geometry
666,tJ5sLuRorIM,Trigonometry
667,bAerID24QJ0,Algebra
668,dux1TBAmndM,Number theory
669,W_t9m1MLamw,Measurement
670,puku5vUCOcE,Number theory
671,GbfIAJV4DnU,Geometry
672,JGU74wbZMLg,Trigonometry
673,CJ3mHDHOIOY,Geometry
674,XGbOiYhHY2c,Number theory
675,OAoLCXpao6s,Number theory
676,h7ZAQfNh8XA,Geometry
677,ai_GZnVY5Qo,Geometry
678,iulx0z1lz8M,Algebra
679,wblW_M_HVQ8,Theorems and proofs
680,JXwNu5J_-TU,Geometry
681,ZPv1UV0rD8U,Algebra
682,nBHKHF7zfk8,Geometry
683,tYv-Pchyu0Y,Number theory
684,DIjlllgq3dc,Statistics and probability
685,l_KW_pRkEzg,Geometry
686,sJVivjuMfWA,Number theory
687,Cld0p3a43fU,Calculus
688,yVquId7xJQY,Trigonometry
689,B1HEzNTGeZ4,Statistics and probability
690,Smh41VANtVE,Geometry
691,oFfef_cS9l8,Exploratory mathematics
692,FI65V6MqETQ,Trigonometry
693,eEQMNczG5K0,Exploding Dots
694,9v8Gd3E7H8s,Statistics and probability
695,ET2LyLsCGQE,Geometry
696,eEooTqhR7Js,Geometry
697,xMj3jzFDZ38,Number theory
698,HZVFRkEDvkQ,Geometry
699,DuYgVVU_BwY,Logic & Discrete maths
700,CcrzyOqFmTU,Measurement
701,YNutS8eIhEs,Geometry
702,DK5Z709J2eo,Calculus
703,2VrXRiHxYsk,Number theory
704,3cdT-e-y7lM,Algebra
705,KPZnoF0V9ZI,Number theory
706,CiH2_YJJCRs,Logic & Discrete maths
707,8t1TC-5OLdM,Number theory
708,PhLc6B5WXtc,Geometry
709,e7JX4Rjk44g,Number theory
710,ZMLFfTX615w,Number theory
711,aUWUBGhAPM8,Calculus
712,_9NGZH-uTWE,Number theory
713,a9kIVL-laYE,Statistics and probability
714,eTSVTTg_QZ4,Algebra
715,9k9xL9w7-3w,Number theory
716,4DETMhTC0H0,Geometry
717,UN0nOrs_4EY,Geometry
718,04N79tItPEA,Geometry
719,O7R63RW8iPw,Statistics and probability
720,J0KKBJcSsFo,Number theory
721,w9jEq6dmqPg,Geometry
722,og9tGNJZf8Q,Exploding Dots
723,3K-12i0jclM,Number theory
724,bcUos5ueOhY,Economics
725,pjFE00S6F2k,Statistics and probability
726,CE8UhcyJS0I,Computer Science
727,xdEn5tiIMpQ,Number theory
728,ClYdw4d4OmA,Number theory
729,YB1XuQ1Pc5s,Algebra
730,tFhBAeZVTMw,Geometry
731,Qn8TuzrEeRo,Number theory
732,dTWKKvlZB08,Number theory
733,Y2-tz27nKoQ,Measurement
734,rDLDGQMKT3M,Number theory
735,YboycCW1uNM,Geometry
736,qmfXyR7Z6Lk,Number theory
737,PN-I6u-AxMg,Exploratory mathematics
738,PEMIxDjSRTQ,Theorems and proofs
739,D2xYjiL8yyE,Calculus
740,9hryH94KFJA,Geometry
741,QRS7wNhM78M,Statistics and probability
742,Ei54NnQ0FKs,Trigonometry
743,X9mtb1j21to,Number theory
744,zzPn-Op12Dc,Statistics and probability
745,5oHJcmYbHvA,Number theory
746,L02RYFevH-Q,Exploding Dots
747,QxVlJskOJAk,Number theory
748,G8cD5NMOMcs,Algebra
749,03Iyfk_dvZU,Geometry
750,rfG8ce4nNh0,Calculus
751,XtSqJzZVnmk,Geometry
752,wo7DSaPP8hQ,Theorems and proofs
753,47wjId9k2Hs,Number theory
754,UQ3a2QH_-GU,Calculus
755,A8tpDsIsFyA,Trigonometry
756,QhDDpSju3uY,Number theory
757,7aFpLycMpFQ,Geometry
758,-LWhtRg0Bo4,Geometry
759,SL2lYcggGpc,Exploratory mathematics
760,xC-fQ0KEzsM,Statistics and probability
761,7-pdYSmROQQ,Algebra
762,QAMXSU40ZgA,Number theory
763,AgbW1_RnSOU,Logic & Discrete maths
764,IxNb1WG_Ido,Trigonometry
765,_n1126GoxbU,Geometry
766,DHA4EkVyT4w,Logic & Discrete maths
767,-ypD6fy8KMg,Measurement
768,v-pyuaThp-c,Algebra
769,GEId0GonOZM,Logic & Discrete maths
770,ZKwqNgG-Sv4,Computer Science
771,PVM4UvrYRqo,Geometry
772,digoW9eIMw4,Number theory
773,EWs_1tp-1e4,Computer Science
774,jfj63DWkggo,Number theory
775,FPNhCVZlbJs,Measurement
776,yIRFON453Cg,Calculus
777,5ZCXfxCMnZs,Statistics and probability
778,U6xJfP7-HCc,Number theory
779,_s5RFgd59ao,Algebra
780,bhMyvC7o97Y,Geometry
781,RvtdDA4RgQE,Trigonometry
782,6y4cM43J6-U,Number theory
783,AzJs36FqkGU,Geometry
784,WT1ZqSx9Qdw,Exploding Dots
785,KlqRk6Yzuu8,Exploding Dots
786,JdLQpdy3eDA,Number theory
787,-UnNRGF8R40,Geometry
788,7Qy_mX9s6k0,Geometry
789,c8jh-rruUAU,Algebra
790,NoRjwZomUK0,Exploratory mathematics
791,5moXWwJ0n44,Exploratory mathematics
792,YKfYBNpFJJ4,Number theory
793,xf4d6TqmV6U,Algebra
794,BEz-vGJvaik,Exploratory mathematics
795,AMXIC2E-I34,Geometry
796,Lxk0OLUzhr0,Number theory
797,qmeW-vwrVRo,Geometry
798,qPRGtIlqpG8,Measurement
799,yiREqzDsMP8,Geometry
800,JuzIWhyNUcc,Geometry
801,QJYmyhnaaek,Number theory
802,GiGLhXFBtRg,Geometry
803,x-trHUobL2Q,Number theory
804,xGOQYTo9AKY,Algebra
805,SpGFEwGm_Yg,Statistics and probability
806,bBC-nXj3Ng4,Computer Science
807,5CeBlu260Rw,Geometry
808,bG7cCXqcJag,Number theory
809,7QMoNY6FzvM,Logic & Discrete maths
810,rwDgfxTulpI,Geometry
811,whYqhpc6S6g,Geometry
812,I6hz8mhaRB0,Logic & Discrete maths
813,z8vj8tUCkxY,Trigonometry
814,4F_FVwAfX0I,Number theory
815,O-cawByg2aA,Geometry
816,Ohp1PpzrRhE,Statistics and probability
817,GmS-p1S_t5E,Geometry
818,-9OUyo8NFZg,Trigonometry
819,6agzj3A9IgA,Algebra
820,1hyvHQ78nl4,Trigonometry
821,a2L27dTOyHk,Geometry
822,GTwrVAbV56o,Geometry
823,m6A2a2K8h8U,Theorems and proofs
824,DRg2VCo8lP0,Geometry
825,K0Nqpf7Dcrc,Exploratory mathematics
826,8mlH9bnvWVE,Economics
827,QncgmzH6yQU,Geometry
828,Be1cIyq9uBA,Number theory
829,03G5_hM5GfM,Geometry
830,7g69wLn0UjI,Geometry
831,IQofiPqhJ_s,Number theory
832,P3TIC3ROf2I,Algebra
833,hX-BsyXGyb8,Statistics and probability
834,bq9mhjsQEPw,Number theory
835,IbNORo450e8,Economics
836,W21HgSUt8vI,Calculus
837,El7zOrCDzBs,Geometry
838,7IyN_HrQx20,Trigonometry
839,0671cRNjeKI,Geometry
840,D9KDywbROHw,Measurement
841,K1h8Cy18NpM,Algebra
842,o-ZbdYVGehI,Algebra
843,YvjkPF6C_LI,Algebra
844,nBdWxsm6x5M,Number theory
845,unSBFwK881s,Theorems and proofs
846,G-T_6hCdMQc,Trigonometry
847,q8k-sS7qRts,Trigonometry
848,CfJzrmS9UfY,Statistics and probability
849,slQu7igTMWU,Algebra
850,xPVcgv99KQA,Exploding Dots
851,H4akM87VZm8,Geometry
852,0LtGYuhUWC4,Statistics and probability
853,DiBwg5cNP84,Measurement
854,jPcBU0Z2Hj8,Exploratory mathematics
855,Sdt2aQjGY_g,Statistics and probability
856,9Y7gAzTMdMA,Number theory
857,f1yDExNAEMg,Number theory
858,KG6ILNOiMgM,Number theory
859,5bTpePubSqw,Number theory
860,7jlhIclKQZs,Number theory
861,v8uXUIOKGYA,Geometry
862,B7vDa7PNfJ8,Geometry
863,o6W6P8JZW0o,Geometry
864,30X37X1uk2o,Number theory
865,Dd81F6-Ar_0,Number theory
866,8NSwGvpbr2k,Geometry
867,63HHmjlh794,Exploratory mathematics
868,E2lGlZWoRr8,Geometry
869,81SseQCpGws,Logic & Discrete maths
870,0S5VfMNqgaM,Algebra
871,JfqLblHox3o,Geometry
872,3Ixp3PeAErI,Geometry
873,jrTnz37AboE,Exploratory mathematics
874,Uz2LMtUUEGw,Number theory
875,4mEk7d8oRho,Geometry
876,JZCD5r6WUvQ,Algebra
877,Ok1by1WmmUc,Exploding Dots
878,BZxZ_eEuJBM,Number theory
879,J51ncHP_BrY,Geometry
880,GTx-rXTQg1o,Number theory
881,3xwDryouw6o,Number theory
882,pxVAWYOe34c,Trigonometry
883,dNRDvLACg5Q,Computer Science
884,SSNA9gaAOVc,Algebra
885,GTZ4OzC1s1c,Statistics and probability
886,_01wqwsb66E,Number theory
887,WUvTyaaNkzM,Calculus
888,IsvdlrVpQAo,Algebra
889,GSnf0E3t5CM,Geometry
890,Xt_i0Y6c0Ww,Statistics and probability
891,60btq9PN8IM,Algebra
892,V6Xynlqc_tc,Geometry
893,9tzsQMTeISU,Exploratory mathematics
894,cyW5z-M2yzw,Exploratory mathematics
895,bcp9pJxaAOk,Geometry
896,2HrSG0fdxLY,Number theory
897,bFOkt9zQZGg,Number theory
898,SCljAW5C-qY,Geometry
899,LGqBQrUYua4,Number theory
900,iVvGbDr-7lQ,Calculus
901,GbQQcrwYHt0,Geometry
902,QSEKzFGpCQs,Number theory
903,_0x7uCiC0Uc,Computer Science
904,d0Z8wLLPNE0,Calculus
905,z8deq-zdaIg,Geometry
906,d9pO2z2qvXU,Number theory
907,5juto2ze8Lg,Number theory
908,pAHdpFNcS6o,Geometry
909,MFytqBe7VDE,Trigonometry
910,NqbkvEK46xM,Measurement
911,UH7KGc0hENE,Measurement
912,AZroE4fJqtQ,Algebra
913,0s4qX1wBuJw,Calculus
914,LU3R2JE5c_U,Number theory
915,zDjJ-6sr7xI,Theorems and proofs
916,QFTDofic0Ek,Measurement
917,RVYwunbpMHA,Number theory
918,AtBUQH8Tkqc,Number theory
919,_n3KZR1DSEo,Geometry
920,0KjG8Pg6LGk,Algebra
921,S__1f78CnhM,Economics
922,OLHqRt8GJJY,Statistics and probability
923,xmjy-0TxgI8,Calculus
924,2MNalT1g3m8,Exploratory mathematics
925,V-Q6jBYn3Oc,Algebra
926,Q33F9vyis1g,Exploding Dots
927,wgLUDw8eLB4,Exploratory mathematics
928,jFd-6EPfnec,Number theory
929,m9Hf36rOhYc,Statistics and probability
930,9teKXGoWIQM,Algebra
931,xueJ4hH-lr0,Number theory
932,1jz7S1Cefsk,Measurement
933,QRyi_q85RyQ,Logic & Discrete maths
934,kWndpHMpUlY,Number theory
935,3hwvcs3DubE,Geometry
936,EDauz38xV9w,Statistics and probability
937,M-i9v9VfCrs,Exploratory mathematics
938,XeCxmaIv588,Algebra
939,2kfPL98h-mQ,Calculus
940,rRTXKQpblEc,Geometry
941,-CWJIGc5Msk,Geometry
942,XS4xSytnAm8,Geometry
943,I5zZMBzUZfk,Geometry
944,ZfKTD5lvToE,Number theory
945,FI1pSWfBtvQ,Measurement
946,FMMZk9reas8,Geometry
947,q5ozBnrd5Zc,Number theory
948,TDXSE4s9b84,Geometry
949,YQ4Kv6zdOe0,Geometry
950,3vN-6DA79N0,Algebra
951,gryB2leF6e0,Geometry
952,wSeqzw7SbPY,Computer Science
953,prh72BLNjIk,Calculus
954,UPmJ9_X2BbE,Trigonometry
955,Q9vYvyvDzI8,Geometry
956,DAcjV60RnRw,Exploratory mathematics
957,sskf3tF2heU,Geometry
958,ZL79DZSYA8g,Geometry
959,lj_X9JVSF8k,Number theory
961,3iMI_uOM_fY,Exploratory mathematics
962,jyLRpr2P0MQ,Measurement
963,4ve7OaCnDLs,Number theory
964,S9qr06pc_sk,Measurement
965,O2Z0YBv9aEo,Number theory
966,NsNaYwHtowA,Geometry
967,RbAaKAR5ErM,Number theory
968,0iMtlus-afo,Statistics and probability
969,kmzNfokSuHA,Measurement
970,UgiRvl6iJzc,Geometry
971,_qvp9a1x2UM,Number theory
972,b-MZumdfbt8,Number theory
973,Vu4x2DKn12g,Number theory
974,Ac4Z1VMsE3E,Statistics and probability
975,DMtFhACPnTY,Computer Science
976,FJ5qLWP3Fqo,Number theory
977,zzu2POfYv0Y,Calculus
978,2SUvWfNJSsM,Exploratory mathematics
979,8xdudWZx7PE,Measurement
980,4oNyyfBsWZw,Statistics and probability
981,DAikW24_O0A,Measurement
982,0Sx5aJoAkW8,Logic & Discrete maths
983,AJn843kplDw,Computer Science
984,H-ykHosJW9c,Geometry
985,5yOadRCaxOY,Number theory
986,3UlE8gyKbkU,Statistics and probability
987,Cd5C6YtP4dE,Geometry
988,NQSN00zL5gg,Number theory
989,eZgzCVnmSvI,Algebra
990,GMnxIBReDfQ,Number theory
991,ST2P6Sn3cuo,Geometry
992,g8E_aDYxj_U,Statistics and probability
993,gy8gmj7K7cQ,Calculus
994,aW0oqTAdmKc,Trigonometry
995,127MpSs0ZkY,Algebra
996,70UVUlobZyM,Measurement
997,VhokQhjl5t0,Calculus
998,rPLjlO9KDW0,Number theory
999,r9dn0yqc1u8,Algebra
1000,GvyMUkxDbcE,Number theory
1001,tm-_6sFdfk8,Geometry
1002,bdMfjfT0lKk,Exploratory mathematics
1003,GlSt9M3v6ik,Number theory
1004,U-goOl49wRo,Geometry
1005,G6J0lVp4YRQ,Measurement
1006,SYM7YVcreMg,Theorems and proofs
1007,nK-6NfelUaE,Geometry
1008,NcADzGz3bSI,Number theory
1009,O94fwp1E6Lg,Geometry
1010,zMkVUEPoz4k,Geometry
1011,QgPfagOgOAc,Number theory
1012,JNPnE9qwKHM,Measurement
1013,Idxeo49szW0,Trigonometry
1014,ENIUcjdPO54,Number theory
1015,Kwdf-GeKJ_4,Algebra
1016,NaL_Cb42WyY,Number theory
1017,UBuPWdSbyf8,Algebra
1018,2lbABbfU6Zc,Algebra
1019,pUGx98S_i50,Number theory
1020,uDzARGZQhjU,Measurement
1021,vjOOhemquss,Geometry
1022,03kgmv50gBM,Number theory
1023,d8DAYzbmuBE,Geometry
1024,6PkBllbG2HE,Geometry
1025,8t2BDaszWmc,Exploding Dots
1026,RvnGbWJzxAg,Number theory
1027,EtM9p-Fojd8,Geometry
1028,8-Co_nx7gUg,Geometry
1029,ybc2QAtsLw4,Measurement
1030,mIStB5X4U8M,Number theory
1031,qiNcEguuFSA,Theorems and proofs
1032,gVzu1_12FUc,Geometry
1033,3MqYE2UuN24,Geometry
1034,c2XVtFMiYok,Measurement
1035,uYtoJmfxD7k,Geometry
1036,OXXrsxA4f_4,Calculus
1037,o5cq9BA_hlE,Geometry
1038,bFNjA9LOPsg,Number theory
1039,L81vWvqGvJ8,Number theory
1040,hQl6BTmAUaU,Trigonometry
1041,eQzKo-eNahA,Geometry
1042,EcW-b-DrFWg,Number theory
1043,oeSclkumBNY,Statistics and probability
1044,85-PsYvWprA,Calculus
1045,VkeSelRDlq8,Geometry
1046,UbUdyE1_b9g,Number theory
1047,-PEdvVgevNE,Measurement
1048,-qlom70xZ90,Statistics and probability
1049,9tlHQOKMHGA,Number theory
1050,_QTFeOvPcbY,Geometry
1051,Ay80IWC3MRM,Number theory
1052,5ZHXzB28Kxc,Number theory
1053,V3e7m-qFDFU,Algebra
1054,twrfyZPZkrQ,Number theory
1055,UeG_EYd-0xw,Algebra
1056,X40ft1Lt1f0,Computer Science
1057,vuoQ2CqgAeU,Geometry
1059,Gh8h8MJFFdI,Number theory
1060,_1r7WVh2Zgc,Exploratory mathematics
1061,Kpnad_I138Y,Number theory
1062,KxkMcZlohZg,Algebra
1063,IQ5TuVdtKNU,Exploratory mathematics
1064,2BgWWsypzLA,Calculus
1065,d7rAlcNHDUI,Exploratory mathematics
1066,A9xun5Le0uQ,Number theory
1067,rR95Cbcjzus,Measurement
1068,qJwecTgce6c,Geometry
1069,BMOijTYM3Hw,Exploratory mathematics
1070,GilfgIkM6wI,Geometry
1071,wF2hUCrzT2g,Exploding Dots
1072,_cooC3yG_p0,Number theory
1073,nFS3uELWvOY,Geometry
1074,bxe2T-V8XRs,Statistics and probability
1075,yk6wbvNPZW0,Number theory
1076,KTUVdXI2vng,Logic & Discrete maths
1077,815mr63EsrE,Number theory
1079,7DtWXEPB_AI,Statistics and probability
1080,FGn2jtCjyvo,Measurement
1081,mAvuom42NyY,Number theory
1082,3oyUeiG_mt0,Logic & Discrete maths
1083,0es0yhnSdU4,Geometry
1084,eTDaJ4ebK28,Trigonometry
1085,5hKnWl1OK44,Calculus
1086,wShnYemIr28,Algebra
1087,-M0Fi0ijnJs,Statistics and probability
1088,sLeabhtuUmg,Number theory
1089,qQV05JbsoF0,Algebra
1090,FhSFkLhDANA,Geometry
1091,HrRMnzANHHs,Number theory
1092,FsGYV2CL3Fc,Geometry
1093,C-52AI_ojyQ,Measurement
1094,g_AMNnFEI_A,Number theory
1095,ulg_AHBOIQU,Computer Science
1096,rVhU8Vyhz7c,Number theory
1097,n0DLSIOYBsQ,Trigonometry
1098,lvAYFUIEpFI,Geometry
1099,8OzKe1wmAbY,Exploding Dots
1100,1UuiF3mskQA,Geometry
1101,Na3s6Foqzcc,Geometry
1102,tY69D3PSmIk,Exploratory mathematics
1103,eR_kQf-1fks,Calculus
1104,AqFwKecNaTk,Geometry
1105,LWc8b_A6BPQ,Geometry
1106,ggH8cKcPOHI,Exploratory mathematics
1107,CWhcUea5GNc,Number theory
1108,6qahSLDye2U,Measurement
1109,u2DLlNQiPB4,Computer Science
1110,81zcjULlh58,Statistics and probability
1111,h0HcVonB_rQ,Geometry
1112,nfrS95Ub23Y,Exploding Dots
1113,Pal-uS7onm4,Statistics and probability
1114,3lVLhZ3ds-8,Algebra
1115,zAHFNIjgm30,Number theory
1116,4EpI7UbQvUI,Algebra
1117,lubGnk0UZt0,Geometry
1118,UpUjJQGSlDY,Calculus
1119,_9Wvu-R04go,Logic & Discrete maths
1120,TTmkBrZYnJU,Geometry
1121,36v2EXZRzUE,Logic & Discrete maths
1122,tnkPY4UqJ44,Number theory
1123,CkVJ8xa63ow,Statistics and probability
1124,MqUWS4o_nkY,Number theory
1125,frBJEYvyd-8,Number theory
1126,0N-yb-grHTY,Statistics and probability
1127,CHn_lLbnm8c,Measurement
1128,6_j2X6fgkaA,Exploratory mathematics
1129,ma0qXCyxiQo,Geometry
1130,i5dkilkfBv8,Statistics and probability
1131,2hIfnw6Yhqo,Number theory
1132,vkMXdShDdtY,Theorems and proofs
1133,bIKmw0aTmYc,Number theory
1134,2G_Jr_XpnY4,Number theory
1135,HjCWHwBk_vg,Exploding Dots
1136,lxjmR4pYIVU,Number theory
1137,AVScy7YsKM0,Algebra
1138,shEk8sz1oOw,Algebra
1139,K50cNmV8cJE,Exploratory mathematics
1141,MtqtIiJsfiE,Geometry
1142,Jm5Xl8xy6Wc,Algebra
1143,inlMrf2d-k4,Geometry
1144,E2jyimV3qm4,Geometry
1146,EYKMLUxtRGY,Number theory
1147,VRV-HFvUVc8,Number theory
1148,F60TZWy4vIE,Algebra
1149,GORkx4AAX_w,Statistics and probability
1150,4IVoIuMsK0A,Algebra
1151,7WXijfIZh64,Calculus
1152,ysV6iF3Rmjo,Geometry
1153,Ag5_bfNGIno,Geometry
1154,3SE6tzEqnx0,Geometry
1155,A4hjCmNOxtU,Geometry
1156,u3dexXyyb3c,Statistics and probability
1157,-1MzoyzWxo4,Algebra
1159,wNcFAQHJWAU,Number theory
1160,R4OlXb9aTvQ,Computer Science
1161,DqoWOjzjoe0,Geometry
1162,Tz7TQljoiM8,Geometry
1163,x-Dqe5U1TXA,Number theory
1164,swbSsQsrBRE,Geometry
1165,PZOO7mIStnI,Measurement
1166,xcjgm6ctzAw,Computer Science
1167,WQo_F34vTj4,Statistics and probability
1168,Za7G_eWKiF4,Statistics and probability
1169,Kkc9EEznhzU,Calculus
1170,G7zT9MljJ3Y,Statistics and probability
1171,b-7kCymoUpg,Calculus
1172,jJqE0MveYKM,Algebra
1173,e4LuX48rD_k,Geometry
1174,BYRTvoZ3Rho,Exploratory mathematics
1175,wydlZ9lcEiQ,Number theory
1176,JyxRH18YlpA,Computer Science
1177,nUN4NDVIfVI,Theorems and proofs
1178,SDkjRzWWBS4,Exploding Dots
1179,sukb8ORaHr0,Theorems and proofs
1180,NgbK43jB4rQ,Theorems and proofs
1181,ZWCXrbnMN-E,Economics
1182,oR1ukNC1pvA,Geometry
1183,EnwWxMZVBeg,Trigonometry
1184,A3tQOGDxnwY,Geometry
1185,ZLzzb8XkhCk,Number theory
1186,eLR3zKxpcso,Algebra
1187,x0IaGTzYogU,Algebra
1188,zLzLxVeqdQg,Number theory
1189,Mkoc_TcPJAg,Algebra
1190,Ml8obLf4v08,Algebra
1191,uRkfAgQZAhY,Statistics and probability
1192,j3-XYLnxJDY,Geometry
1193,ij-EK-MZv2Q,Number theory
1194,EsLgiffa9Cc,Number theory
1195,lTJydnfGyyk,Statistics and probability
1196,3FManXv4mZM,Geometry
1197,5RzDVNob0-0,Algebra
1198,CecgFWTg9pQ,Number theory
1199,qRFX_HK-6Ik,Number theory
1200,17a443nL7Qw,Theorems and proofs
1201,DBSqdRmRyFs,Geometry
1202,UvI-AMAtrvE,Logic & Discrete maths
1203,8542XmS98Yo,Exploratory mathematics
1204,2RMCxVicu8Y,Measurement
1205,M-Y0p8xmMf0,Measurement
1206,CUKDzC5f6B4,Geometry
1207,Km024eldY1A,Exploratory mathematics
1208,dsySragIVEk,Number theory
1209,yvzyC4VBpUU,Number theory
1210,mYg5gKlJjHc,Calculus
1211,IvXgFLV2gOk,Algebra
1212,T23BbKHTH3o,Geometry
1213,4yfDM5zV6H4,Logic & Discrete maths
1214,aNpGxZ_1KXU,Exploratory mathematics
1215,HCC96awA-FM,Measurement
1216,5qfOkmUAfNQ,Measurement
1217,_jcW-ZgpRbM,Measurement
1218,e7NU6yzr5dA,Geometry
1219,AZL-z63HHx0,Algebra
1220,5kl28hmhin0,Number theory
1221,fPcQn5G1PFA,Geometry
1222,--vh9zgZZmQ,Algebra
1223,qSQyctFGMxc,Exploratory mathematics
1224,mtH1fmUVkfE,Statistics and probability
1225,wJ8KH-oKd9I,Number theory
1226,ZKKDTfHcsG0,Number theory
1227,6kuTrUO6Ahw,Geometry
1228,YG15m2VwSjA,Calculus
1229,JTHhJgecPS4,Number theory
1230,y3B2d7jZzrs,Geometry
1231,4EJay-6Bioo,Number theory
1232,xX1sqV1nSAQ,Measurement
1233,tJP61g9atfU,Theorems and proofs
1234,4ZpUjcLJEqw,Algebra
1235,m5evLoL0xwg,Geometry
1236,bY0i9Kmuyt4,Exploratory mathematics
1237,tvnOWIoeeaU,Algebra
1238,p4dJ1nkmAW0,Number theory
1239,RkxqLrK9veU,Number theory
1240,3YwrcJxEbZw,Number theory
1241,c6-FJRda_Vc,Number theory
1242,tboUQp2tAxw,Algebra
1243,JUzYl1TYMcU,Number theory
1244,86NwKBcOlow,Logic & Discrete maths
1245,O8fo4H_185g,Calculus
1246,CfBYGFm5gPA,Number theory
1247,T647CGsuOVU,Number theory
1248,DBV-R5it_Kw,Algebra
1249,njqrSvGz8Ps,Statistics and probability
1250,oJ7uOj2LRso,Geometry
1251,Pcgvv6T_bD8,Statistics and probability
1252,m1CEt5vO6s0,Logic & Discrete maths
1253,7JmTiTXn8Ag,Number theory
1254,mLeNaZcy-hE,Geometry
1255,5J4R9eC37Hg,Geometry
1256,ljROszF_rqs,Algebra
1257,C_iKTTI1E34,Number theory
1258,z8ZWlUamNPI,Exploratory mathematics
1259,JEHejQphIYc,Number theory
1260,Rm6UdfRs3gw,Economics
1261,bmrPMW2VC3M,Statistics and probability
1262,2U91K1RyWPA,Exploding Dots
1263,w2M5CzTFYfI,Number theory
1264,4h54s7BBPpA,Logic & Discrete maths
1265,QFeG9CeeH88,Geometry
1266,OE2g2SgPC6s,Geometry
1267,3roTCMW4_u4,Geometry
1268,BYmnweEPpMY,Measurement
1269,1I5oB4SLl1E,Number theory
1270,kj_7Jc1mS9k,Computer Science
1271,IHd8jiUF3Lk,Logic & Discrete maths
1272,i8THsl3AYFI,Calculus
1273,f_uwKZIAeM0,Computer Science
1274,rd8tbD2eekM,Geometry
1275,7dRlpi8SZQ4,Statistics and probability
1276,p0ASFxKS9sg,Computer Science
1277,hhjujo8XFkA,Geometry
1278,lNjRyB0SNn0,Exploratory mathematics
1279,dTwZ5N126gw,Theorems and proofs
1280,ut3stmfLS8c,Geometry
1281,vGuiy7NnJlM,Geometry
1282,_JpwlTasQJ8,Geometry
1283,1dqAOKdJmRI,Geometry
1284,d6c6uIyieoo,Theorems and proofs
1285,J0_WUmh42do,Geometry
1286,7u6kFlWZOWg,Statistics and probability
1287,vpn8W_oqnyA,Number theory
1288,z0XkRIG4Snw,Exploratory mathematics
1289,ieUvzy6rnnw,Exploratory mathematics
1290,CMP9a2J4Bqw,Number theory
1291,zxKLbCWuGSQ,Algebra
1292,THwfbfFFgFg,Algebra
1293,T971zHhZ3S4,Geometry
1294,ABDKOmamIwo,Trigonometry
1295,AOMQxLrCI7A,Exploratory mathematics
1296,DdK-QrYdLfQ,Exploratory mathematics
1297,0DmgFtfy57Y,Statistics and probability
1298,2yPv6xqu1Z8,Geometry
1299,OcD1Ujnjy-g,Geometry
1300,lQK7ihLcdvc,Number theory
1301,by9-_95Zn08,Geometry
1302,Yz5zC4XEYWg,Number theory
1303,PiPVl-U2tlw,Number theory
1304,IwW0GJWKH98,Number theory
1305,BLTr2MhRwdg,Geometry
1306,ZgoIb3V48Ig,Geometry
1307,7puMMr_1shs,Calculus
1308,JVrkLIcA2qw,Geometry
1309,fjXj6asQSEk,Calculus
1310,vB4FuGmfEGY,Statistics and probability
1311,macM_MtS_w4,Mathematicians
1312,14-NdQwKz9w,Number theory
1313,WqhlG3Vakw8,Geometry
1314,FCnNmUefrWA,Exploding Dots
1315,W1OkVkq2vFM,Number theory
1316,A8YVK7kxZOw,Geometry
1317,aN0L9CncAmI,Algebra
1318,BG6mzScIF_0,Algebra
1319,XYUVqM7FDho,Geometry
1320,RSL8YA4LPXg,Geometry
1321,Yyz8CVXw7sk,Geometry
1322,3XOt1fjWKi8,Number theory
1323,nyDDXVVtd9s,Algebra
1324,qhbuKbxJsk8,Measurement
1325,b2C9I8HuCe4,Statistics and probability
1326,Xmxs2wd_JDI,Algebra
1327,Cxdyh7A4-Ho,Algebra
1328,VsQ-OPIZ5kg,Exploratory mathematics
1329,h9zUbWPqVpc,Geometry
1330,UfEiJJGv4CE,Number theory
1331,EZ6dOlRQDBo,Geometry
1332,oDoyv7wxqmU,Geometry
1333,sQboO7dx3-4,Statistics and probability
1334,l4j4XgVbuxc,Algebra
1335,G-q2fvZuj0Q,Number theory
1336,m2MIpDrF7Es,Number theory
1337,ahdKdxsTj8E,Algebra
1338,OrzMXc2Z5aw,Geometry
1339,fJZv9YeQ-qQ,Statistics and probability
1340,C0vUVK_o5r0,Geometry
1341,fNk_zzaMoSs,Algebra
1342,GMoqg_s4Dl4,Algebra
1343,m0txx9w_5Go,Algebra
1344,qdYx4qk2UHU,Geometry
1345,MokI3Fi8jpc,Measurement
1346,MV40meqda3o,Trigonometry
1347,eV6iYvd4KS0,Number theory
1348,d9CROAHQhdQ,Geometry
1349,b7zXeVUz_r0,Logic & Discrete maths
1350,N21Wh4Jqftc,Number theory
1351,1g_NHxiAZbs,Measurement
1352,YLSvXcJiujg,Algebra
1353,BSfxUcsVKwM,Measurement
1354,WlGuG_VZl5c,Geometry
1355,_GkxCIW46to,Algebra
1356,ZOBlfastTJk,Number theory
1357,dj1p_U4jPL0,Number theory
1358,mqK63v2Jzks,Number theory
1359,MaSJk8_F500,Algebra
1360,DArQTsH6Y1s,Geometry
1361,wA5HO-VIv5M,Number theory
1362,GX-YdOykky4,Logic & Discrete maths
1363,VRzH4xB0GdM,Calculus
1364,dHzUQnRjbuM,Exploratory mathematics
1365,c9nUAXUSuII,Number theory
1366,NlHqdwTtcCY,Geometry
1367,EIstpPXKWng,Number theory
1368,UEK-VqI1wGg,Algebra
1369,z37oW9fTqAY,Statistics and probability
1370,KXyJX4LnbSU,Number theory
1371,8h-BeLqfa3E,Geometry
1372,mrsF0IZ17VI,Measurement
1373,z0pWasFTFnU,Statistics and probability
1374,pZccTYoL75k,Geometry
1375,TD6lcIIOeic,Number theory
1376,nI4o9pm7BsQ,Exploding Dots
1377,4Tb1q8dSIlI,Computer Science
1378,Ez_-RwV9WVo,Geometry
1379,6IVyQy9F3kU,Geometry
1380,F_0yfvm0UoU,Trigonometry
1381,JnEBO3OHaiA,Geometry
1382,KDUJd_1eo8o,Computer Science
1383,e0xJwdcpATM,Number theory
1384,n5L6pesFoUg,Geometry
1385,2hfoX51f6sg,Trigonometry
1386,RrrYInyIEGo,Geometry
1387,Dt5fi89gA-0,Geometry
1388,nAxA97JG7gU,Statistics and probability
1389,RvvHn8-D2bc,Number theory
1390,QF0y46WWavM,Statistics and probability
1391,fL9uRA0u-Mc,Algebra
1392,IYfoufW9RR0,Calculus
1393,1SMmc9gQmHQ,Number theory
1394,D8P5XsE0gfE,Number theory
1395,Tvq2RbkQsTY,Exploding Dots
1396,jCBwHGtEV5M,Exploding Dots
1397,O0KbymjE7xU,Theorems and proofs
1398,noDSyLzVz2g,Statistics and probability
1399,vstIoER3idM,Exploding Dots
1400,jmIM5txH0oM,Number theory
1401,0uCslW40VHQ,Algebra
1402,oIV1zM8qlpk,Geometry
1403,U33dsEcKgeQ,Exploratory mathematics
1404,-6HxjiW_KwA,Statistics and probability
1405,kuixY2bCc_0,Algebra
1406,-S_l8GGxOhU,Algebra
1407,a5uNoOnEy_A,Statistics and probability
1408,NFPrhLVCLms,Geometry
1409,siawhQBRC8I,Exploratory mathematics
1410,Ihws0d-WLzU,Measurement
1411,nUhdhAgz8q4,Exploratory mathematics
1412,AuD2TX-90Cc,Number theory
1413,o-TWOYoxjUo,Geometry
1414,bXASilfcQVs,Geometry
1415,RvtdJnYFNhc,Measurement
1416,nNpDIbmUvo4,Statistics and probability
1417,VWEN5tPa2CM,Number theory
1418,SJWi7hM0Hbs,Number theory
1419,NGMRB4O922I,Exploratory mathematics
1420,17tjFFO-BzU,Trigonometry
1421,d-_eqgj5-K8,Calculus
1422,U_q7R5JJvb4,Calculus
1423,JWFbKdnvpA4,Number theory
1424,3zQsYJi5pFE,Calculus
1425,8mOjSllxp7Y,Geometry
1426,z0-1gBy1ykE,Measurement
1427,M7kEpw1tn50,Number theory
1428,3mLCY-ldv10,Statistics and probability
1429,zPd21soIZw0,Geometry
1430,Yl1aOD3CZbM,Statistics and probability
1431,X-XayK70voA,Geometry
1432,Wrr83QShcEk,Calculus
1433,12Q3Mrh03Gk,Computer Science
1434,5sS7w-CMHkU,Number theory
1435,3N_yxLDPTyY,Geometry
1436,fd-E18EqSVk,Number theory
1437,-ZS_zFg4w5k,Computer Science
1438,ov6z0RTlaW0,Geometry
1439,KTvQXspWhbM,Number theory
1440,mvmuCPvRoWQ,Trigonometry
1441,ukPjc3Oyad4,Geometry
1442,NhB3NVwpmF0,Economics
1443,9azy_rMf4S0,Logic & Discrete maths
1444,II0cHJyEKX8,Geometry
1445,NxbLXwXXp7Y,Number theory
1446,QkU4FZN8MY0,Geometry
1447,QxboPshf__g,Number theory
1448,cOcW9SIvP7w,Geometry
1449,VMEV__2wW3E,Logic & Discrete maths
1450,EfqVnj-sgcc,Exploratory mathematics
1451,w1nlzDAVyzk,Statistics and probability
1452,Yhlv5Aeuo_k,Number theory
1453,UoLgHZAy6YE,Geometry
1454,pNp8Qf20-sA,Number theory
1455,ygH-Y5YG5kE,Algebra
1456,wfemNvNXQKY,Geometry
1457,Yu4eqwGFJK8,Geometry
1458,7l6jAFTQ0qM,Geometry
1459,XkY2DOUCWMU,Algebra
1460,YqWatH0Cgaw,Geometry
1461,aRGI4lafk8Y,Geometry
1462,lxTQrsUip9g,Logic & Discrete maths
1463,XlQOipIVFPk,Geometry
1464,9gk_8mQuerg,Exploratory mathematics
1465,6s4xS-JfX5w,Number theory
1466,qVqGNIg2w7c,Geometry
1467,KNdUJQ_qd4U,Measurement
1468,7f9_U85_YX4,Geometry
1469,GDcVdBAnBdU,Geometry
1470,Rie6kF1UZD0,Geometry
1471,zzyT6NiyeTI,Geometry
1472,Ub_z7ns4n60,Geometry
1473,6Lm9EHhbJAY,Geometry
1474,aW3qCcH6Dao,Number theory
1475,xViupcHi8_Y,Geometry
1476,uv9Mgs-cUA0,Computer Science
1477,iscAHyfe3Pg,Number theory
1478,p_Hqdqe84Uc,Number theory
1479,kQF9pOqmS0U,Geometry
1480,VQQ11EIgk7U,Geometry
1481,yk8nCzniSeQ,Exploratory mathematics
1482,Ip3X9LOh2dk,Algebra
1483,UfUwTtaHyp8,Geometry
1484,tk2c7Bn2OH8,Geometry
1485,Ilsu8o4O3r4,Number theory
1486,qEKNFOaGQcc,Logic & Discrete maths
1487,ffLLmV4mZwU,Algebra
1488,zwAD6dRSVyI,Algebra
1489,LDIiYKYvvdA,Algebra
1490,FThDfpFLT7A,Measurement
1491,KQqu0WnqvUA,Algebra
1492,MoMTm5QSKqI,Number theory
1493,1EDCyM41BWQ,Number theory
1494,3wLqsRLvV-c,Mathematicians
1495,wkZgk7yT_Ww,Geometry
1496,W2Ghl33EdOs,Geometry
1497,KUhdMbx5ges,Geometry
1498,vnEQcsQGmGo,Geometry
1499,oNjNnfzuDC0,Number theory
1500,cC0fZ_lkFpQ,Number theory
1501,YjGVFPtNTHw,Geometry
1502,1u302YEJbhk,Geometry
1503,3zdGU4r3xGg,Theorems and proofs
