youtubeVideoId,title
--LkIupj0jI,calculating speed distance time
--vh9zgZZmQ,finding slant asymptote rational function
-1MzoyzWxo4,conic section parabola part
-6HxjiW_KwA,making probability mathematical infinite series
-9OUyo8NFZg,formula graph duality
-CWJIGc5Msk,finding area curve cross calculus
-h3Oqhl8fPg,multiplying multiple digit multiplication division arithmetic khan academy
-imFslMIN1g,improper fraction mixed
-LGnjhQaJSw,basic rational equation ex
-Liq8hlGeOk,divisibility rule
-LWhtRg0Bo4,vertex angle
-M0Fi0ijnJs,
-N8J9R6_oqY,differential equation
-PEdvVgevNE,measuring nearest centimeter grade math lesson
-QBJtmEVg9s,inscribe angle geometry help
-QHff5pRdM8,operation grade khan academy
-qlom70xZ90,data statistics introduction data statistics various form data
-S_l8GGxOhU,drawn string
-u-O_2Hz82I,romantic mathematical shape hearts
-UnNRGF8R40,find sector length angle arc length formula
-y1Ob0K63hc,infinite sum geometric series visually
-ypD6fy8KMg,conversion
-ZS_zFg4w5k,visually
-ZzgW3nf4Ls,highest common factor common divisor
03G5_hM5GfM,concave convex polygon
03Iyfk_dvZU,acute obtuse right triangle
03kgmv50gBM,complex multiplying dividing
04N79tItPEA,label ing part circle perimeter area volume geometry khan academy
0671cRNjeKI,perpendicular equation mathematics high school math khan academy
07DxrU5ZCEc,identify local maximum minimum function
0A83skSAxKI,gram kilogram measurement lesson grade
0Be_6Qaq1es,calculus good
0DmgFtfy57Y,percentile outline various ways breaking data equal group
0es0yhnSdU4,composite finding composite slicing rectangular slice
0FezL36hK4E,triangle natural
0iMtlus-afo,triangle
0JW9P_T4P_Y,equivalent fraction word problem example fraction prealgebra khan academy
0KjG8Pg6LGk,gauss magic shoelace area formula calculus companion
0LtGYuhUWC4,discrete math binomial coefficient triangle
0lvT7eF3Zks,vertical angle geometry help
0mKmYxuMirE,congruent similar triangle
0N-yb-grHTY,data statistics brain storming survey question ked
0nFdIrJkd5Q,measurement p algebra help
0r3cEKZiLmg,mile pi
0s4qX1wBuJw,definite integral function x calculus b
0S5VfMNqgaM,determinant matrix
0Sx5aJoAkW8,understanding logical statement
0uCslW40VHQ,algebraic expression exponent grade khan academy
0vhZS5CPsyI,surface area volume sphere
0YErxSShF0A,compound linear algebra khan academy
1-XmMhOIgaA,frequency finding cumulative frequency relative frequency frequency tables
127MpSs0ZkY,vector tan ton mathematics
12Q3Mrh03Gk,break cryptography infinite series
14-NdQwKz9w,math spiral plant part
15sLPp0YvQk,prealgebra numeral sign value v positional notation
17a443nL7Qw,one step inequality addition linear algebra khan academy
17IgK9b6P2M,math antic type fraction
17tjFFO-BzU,sin cos tan basic trigonometry working unknown angle
1aa8gZG0L_c,slope rate change interpret ing slope line
1CiBuN6qraY,system graph ing
1dqAOKdJmRI,learn calculate area square rectangle math lesson
1E4GUE1har0,basic math rounding
1EDCyM41BWQ,multiplying mixed numeral
1g_NHxiAZbs,bearing use
1hyvHQ78nl4,evaluate six trig function given cosine ratio triangle
1I2IOx_x408,piecewise function evaluate
1I5oB4SLl1E,least common multiple
1jz7S1Cefsk,polar
1k0G-Y41jRA,different type triangle
1m9p9iubMLU,introduction unit circle trigonometry khan academy
1op92ojA6q0,plane quadrant negative grade khan academy
1otVf_HXLN8,median triangle concurrent use vector tan ton mathematics
1pSD8cYyqUo,binomial theorem example
1SMmc9gQmHQ,count two hand
1u302YEJbhk,congruence transformation reflection
1UuiF3mskQA,similar triangle geometry help
1VSun4wX7UQ,ray line segment
1wnIsgUivEQ,alternate proof induction integer sum khan academy
257TGWmxSv8,unit conversion standard length weight capacity
28XOttw3Brs,brief introduction anti derivative indefinite integration part
2BgWWsypzLA,decimal infinite geometric series khan academy
2dbasvm3iG0,fraction different denominator fraction prealgebra khan academy
2flgolt6zsw,subtraction
2G_Jr_XpnY4,divisibility factor multiple prealgebra khan academy
2h8XiqSnzaU,proper improper fraction fraction prealgebra khan academy
2hfoX51f6sg,fou rier analysis rest us
2hIfnw6Yhqo,natural base e
2HrSG0fdxLY,imaginary real part little history
2kfPL98h-mQ,calculus introduction differential equation
2lbABbfU6Zc,quadratic formula pop goes weasel
2M9w79Y5Wn0,lesson dot
2MNalT1g3m8,joy hex
2QMwh2dIo98,arc
2RMCxVicu8Y,finding side length figure given perimeter measurement algebra
2SUvWfNJSsM,binary part
2U91K1RyWPA,dot puzzler
2VrXRiHxYsk,proportion
2yPv6xqu1Z8,find volume rectangular prism example
2_NZ1ql8B8Y,scientist discover new shape
30X37X1uk2o,mental math trick multiply head
34tf3xSVKbw,discriminant find number solution
36v2EXZRzUE,reading line graph apply ing mathematical reasoning prealgebra khan academy
37SZqzfRKGg,definition circle radius circle
39OHW0nYfN0,circumference circle
3cdT-e-y7lM,associative property addition
3DIqvNjChpY,proving triangle similar geometry help
3EB75Dy4dFE,percent decimal
3FManXv4mZM,proof rhombus area half product diagonal length quadrilateral geometry khan academy
3h4UK62Qrbo,prime composite factor multiple prealgebra khan academy
3hwvcs3DubE,exterior external angle polygon sum exterior angle derivation
3iMI_uOM_fY,music box
3Ixp3PeAErI,finding center radius form circle square example
3jGAcpK2V7Q,finding common factor
3K-12i0jclM,spiral
3LPy1--FJ9I,c prime twin prime prime triplet
3lVLhZ3ds-8,synthetic division polynomial
3mLCY-ldv10,lesson law average v law large
3MqYE2UuN24,better walk run rain
3N_yxLDPTyY,surface area cones pyramid
3OJ-7uvlqAA,evaluate piecewise function
3oyUeiG_mt0,graph ing basic rational function example
3roTCMW4_u4,remote interior angle
3SE6tzEqnx0,rhombus geometry help
3sjUOQLhsRY,algebra factor ing trinomial
3UlE8gyKbkU,example ways flip coin probability statistics khan academy
3v6mYNPyDoY,standard deviation statistics
3vN-6DA79N0,compound interest per year
3W8SeYgZcMo,teaching ladder method math concept
3wjLGV9ibII,condition congruence
3wLqsRLvV-c,test computer pass human
3xbormMmuK4,geometric sequence formula
3XOt1fjWKi8,numerator denominator fraction fraction prealgebra khan academy
3xwDryouw6o,math antic fraction division
3xyYs_eQTUc,transcendental powered cantor
3YwrcJxEbZw,real
3zdGU4r3xGg,algebra system solution
3zQsYJi5pFE,case
3_VydFQmtZ8,topology twisted torus
44kYhWmhJyI,step turns
47wjId9k2Hs,multiplying positive negative prealgebra khan academy
4DETMhTC0H0,flex agon martin
4EJay-6Bioo,hexa decimal number system apply ing mathematical reasoning prealgebra khan academy
4EpI7UbQvUI,compound interest problem please read description
4F6cFLnAAFc,fractional exponent expression exponent expression equation algebra khan academy
4F_FVwAfX0I,perfect square solve
4G_FmNm4BS0,surface area rectangular triangular prism
4h54s7BBPpA,domain radical function function graph algebra khan academy
4IVoIuMsK0A,discriminant quadratic dont need
4JcVCHQLgh4,conversion inch es fee yard grade math
4Lb-6rxZxx0,hall problem
4lkq3DgvmJo,math antic dividing fraction
4LQvjSf6SSw,hidden set
4LYtLMmDuzw,subtract ing mixed fraction prealgebra khan academy
4mEk7d8oRho,truncated
4oNyyfBsWZw,census v sample comparison
4PXDhTqDDxs,speed distance time
4Tb1q8dSIlI,video en crypted r sa infinite series
4TBVB4hLQhY,mixed fraction prealgebra khan academy
4ve7OaCnDLs,multiplying different sign prealgebra khan academy
4vfAbIucc-8,quantum random number generator cryptographic application
4XytYH35AP0,rational root theorem
4Y9D0v0x4H8,arc central angle geometry help
4yfDM5zV6H4,converse inverse contrapositive statement
4ywTWCaLmXE,proportion word problem example grade khan academy
4ZpUjcLJEqw,proof spot mistake
52tpYl2tTqk,algebra basic function math antic
55G8037gsKY,quadratic equation square root algebra khan academy
593w799sBms,trigonometry unit circle
5bTpePubSqw,gim break task act simple fraction
5CeBlu260Rw,quadrilateral perimeter area volume geometry khan academy
5d_3IEofXfY,math star war three problem
5hKnWl1OK44,graph piecewise function
5J4R9eC37Hg,theorum math lesson triangle
5juto2ze8Lg,math antic subtract ing fraction
5kl28hmhin0,prime building block discovery
5Mf0JpTI_gg,three gear possible
5moXWwJ0n44,multiplication table skip counting pattern structured drill
5oHJcmYbHvA,integer number system math
5qfOkmUAfNQ,measuring length nearest inch
5RzDVNob0-0,associative law multiplication
5sKah3pJnHI,root
5sS7w-CMHkU,prealgebra decimal binary hexa decimal
5xtXAsR-fRQ,equivalent fraction
5yecNfFyvF8,find equation parabola graph easy walk
5yOadRCaxOY,cube root sec math trick
5ywif1Zpeo4,graph theory formula plane graph
5Yy_unGaD-w,many different tube video possible
5ZCXfxCMnZs,sampling introduction random sample
60btq9PN8IM,introduction vector part
61maaJXZT2U,arc length
63HHmjlh794,chess piece explain chain infinite series
68enNRhFORc,example trigonometric function even odd neither example
6agzj3A9IgA,example square quadratic equation algebra khan academy
6dUuBXV1drA,data statistics survey type bias es
6dZLq77gSGU,b n mean basic modular arithmetic congruence
6IVyQy9F3kU,similar triangle
6kuTrUO6Ahw,measurement area garden multiplying constant binomial
6Lm9EHhbJAY,big problem
6nSfJEDZ_WM,golden ratio
6o_S7u7Ddx4,finding unit vector ex
6PkBllbG2HE,guess diagonal brain teaser
6qahSLDye2U,convert fraction decimal percent
6RMN5Pf1fHU,different angle formed transversal two parallel
6s4xS-JfX5w,fast math trick mentally two digit
6saYBeHzArE,geometry proof triangle congruence
6wFTvYswogA,determine height triangle given area
6y4cM43J6-U,basic math front end rounding
6_j2X6fgkaA,calculator printing
7-pdYSmROQQ,algebra remainder factor theorem
70UVUlobZyM,times table trick hand
7aFpLycMpFQ,prism pyramid act math task cylinder v cone act
7cBRXayBNr4,long division trick fast calculation
7dRlpi8SZQ4,altitude geometric mean theorem
7DtWXEPB_AI,finding range midrange descriptive statistics probability statistics khan academy
7f9_U85_YX4,find area sector
7g69wLn0UjI,surface area cuboid
7IyN_HrQx20,lesson secant cosecant cotangent function
7jlhIclKQZs,number e natural logarithm
7JmTiTXn8Ag,understanding number line part
7JOn2K8q6gM,scalene isosceles equilateral acute obtuse right triangle
7puMMr_1shs,finding relative calculus
7QMoNY6FzvM,graph ing parabola vertex form quadratic equation algebra khan academy
7Qy_mX9s6k0,determine number sides regular polygon given one interior angle
7u6kFlWZOWg,hall problem
7v1koVqwXK4,finding equation hyperbola given graph example
7WXijfIZh64,basic rate problem linear equation algebra khan academy
7XgjqkvKHRQ,common factor trick
7xovCxIfDGE,sum interior angle polygon
8-Co_nx7gUg,area sector find formula radian
80LA3zcmabY,finding exterior angle polygon
815mr63EsrE,fraction four method
81SseQCpGws,slope line negative slope graph ing slope algebra basic khan academy
81zcjULlh58,central tendency mean median mode range
83ofi_L6eAo,tau replace pi
85-PsYvWprA,crack combination lock
852yX-5-_N4,measuring angle degree protractor
8542XmS98Yo,cube solver
86iU3fypTd4,congruent figure
86NwKBcOlow,graph ing solution two variable linear equation example algebra khan academy
8dKQLDcA8QA,finding volume known cross section p calculus b
8gSRDfSu9wo,intercept method
8h-BeLqfa3E,two triangle similar
8hhewFQ_K0w,math dude
8HJ9jWmkyuU,condition congruence
8howrlJVyxw,parent function graph transformation
8l-La9HEUIU,odd equation
8M0KwcND6a4,time speed distance trick average speed g mat g cat bank po
8mlH9bnvWVE,c losing road could speed traffic bra ess paradox
8mOjSllxp7Y,hyperbolic geometry introduction
8NSwGvpbr2k,area formula area rectangle parallelogram triangle formed
8OzKe1wmAbY,lesson dot
8RRo6Ti9d0U,math skill find factorial permutation combination choose
8t1TC-5OLdM,zero even
8t2BDaszWmc,lesson dot
8vhKBhhOMzE,fraction decimal decimal decimal thousandth
8wqx5FOsSKg,reflectional symmetry
8Wxw9bpKEGQ,dividing polynomial polynomial rational function algebra khan academy
8xdudWZx7PE,convert g k g gram kilogram easy
97svwzwRb3c,radical equation
9azy_rMf4S0,graph ing equation plotting point example
9CxWFKfDvxQ,multiplying negative
9ep48wATy7s,area equilateral triangle g mat g cat bank po
9gk_8mQuerg,dark side set
9hryH94KFJA,equation parallel perpendicular analytic geometry geometry khan academy
9IUI3jtSEWU,similar figure similar polygon
9iulv2QvKwo,convert kilometer centimeter khan academy
9k9xL9w7-3w,partition part accessible overview tan ton mathematics
9teKXGoWIQM,equation variable sides
9tlHQOKMHGA,
9tzsQMTeISU,global math week august update
9ubEYX7raoM,chord tangent
9Uc62CuQjc4,algebra basic graph ing plane math antic
9v8Gd3E7H8s,correlation statistics billy bean e e p
9xbJ3enqLnA,hexa decimal
9XidOM0a4p8,length area volume
9xSgKqTxZbg,ellipses conic section
9Xy-Bbzvlls,polynomial division base
9Y7gAzTMdMA,zero getting something nothing hanna h fry
9_VCk9tWT0Y,term factor coefficient algebraic expression grade khan academy
a2L27dTOyHk,area circle intuition high school geometry high school math khan academy
A3tQOGDxnwY,sum exterior angle triangle geometric relationship
A4hjCmNOxtU,identify similar triangle
a5uNoOnEy_A,ex distributive property simplify linear equation algebra khan academy
A8NoBcYQJ1U,angle
A8tpDsIsFyA,graph arc sin sine inverse
A8YVK7kxZOw,area polygon area hexagon
a9kIVL-laYE,grouped data construct ing stem leaf plot grouped data
A9xun5Le0uQ,writing summation sigma notation
AALwyB5KSjs,frog bun
AAY1bsazcgM,math antic perimeter
ABDKOmamIwo,standard position angle radian part
Ac4Z1VMsE3E,generate random time
adJhDvw4QZY,related ladder sliding wall
aet_fPvVVv0,learn determine feasible region system
Ag5_bfNGIno,acute obtuse angle geometric relationship
AgbW1_RnSOU,graph ing graph transformation example
AGFO-ROxH_I,unit measurement word problem running lap us customary algebra khan academy
ahdKdxsTj8E,example polynomial algebra khan academy
aircAruvnKk,neural network deep learning chapter
ai_GZnVY5Qo,center apothem regular polygon
AJn843kplDw,algorithm
alprjOchyEY,cant prime
AmN0YyaTD60,safety guide
AMWLONeZmbo,converting radian degree
AMXIC2E-I34,always lie inside triangle
aN0L9CncAmI,conic section parabola find focus directrix
aNpGxZ_1KXU,card trick try home
aNrO5jLAV5g,multiply divide decimal
AOMQxLrCI7A,speed solve cube slow motion
AqFwKecNaTk,slope intercept equation slope point algebra khan academy
AqW7HpbxH8U,lesson dot
aRGI4lafk8Y,inscribe angle
AtBUQH8Tkqc,math antic simplify ing fraction
AuD2TX-90Cc,decimal writing word decimal prealgebra khan academy
aUWUBGhAPM8,p calculus b f r question continuity point
AVScy7YsKM0,algorithm
aW0oqTAdmKc,theorem
aW3qCcH6Dao,number system converting decimal binary hexa decimal
awUUQAISrxg,perimeter rectangle
AwzWp7mWrtg,de riving annual compound interest formula
Ay0B6Kh9Y3Q,fractional exponent expression exponent expression equation algebra khan academy
Ay80IWC3MRM,thought troublesome zero tan ton mathematics
AYnJv68T3MM,random coin toss
AYOB-6wyK_I,game get home
AzJs36FqkGU,isosceles triangle theorem
AZL-z63HHx0,algebra trick multiplying polynomial
AZroE4fJqtQ,linear function linear equation function grade khan academy
AzTIbgUxga8,theorem tan ton mathematics
b-7kCymoUpg,sum infinite geometric series sequence series induction khan academy
b-MZumdfbt8,number e everywhere
B0ZcAWEvjCA,inter net communication works network cod ing
B1HEzNTGeZ4,math antic mean median mode
b2C9I8HuCe4,box whisker plot descriptive statistics probability statistics khan academy
B7vDa7PNfJ8,sector type
b7zXeVUz_r0,parabola equation graph ing parabola
b8EQnQ0SPYs,dodecahedron
bAerID24QJ0,algebra linear equation linear equation algebra khan academy
bBC-nXj3Ng4,bit coin actually work
bbxO4HdCW5A,circumscribed inscribe circle polygon
bcp9pJxaAOk,mid point formula
bcUos5ueOhY,dilemma famous problem game theory
bdMfjfT0lKk,binary part
Be1cIyq9uBA,numeral
BEz-vGJvaik,infinite tree super weird
bf7zXiPyczQ,line segment p algebra help
bFNjA9LOPsg,pi nearly change
bFOkt9zQZGg,factorial
BG6mzScIF_0,algebra absolute value equation
bG7cCXqcJag,combine pi e make rational number infinite series
bhMyvC7o97Y,solve rectangle interview question
BHtE3JyZ-UQ,understanding vocabulary algebra
BiagrTl2y4o,triangle inequality theorem example
bibPvcyNbdM,determine angle circle central inscribe angle relation
bIKmw0aTmYc,introduction ratio ratio percentage grade khan academy
BKh3gk4j0zA,percent ratio box method
BKOf_xBtgCk,perimeter shape
BLTr2MhRwdg,symmetry snowflake
BMOijTYM3Hw,mathematical card trick
bmrPMW2VC3M,measure central tendency choose
bq9mhjsQEPw,twin triplet many tan ton mathematics
BRRolKTlF6Q,problem zero
BSfxUcsVKwM,measure central tendency mean
BTyzE-NDga8,super flip cube
bU93aSJKMGw,normal distribution statistics
bv-X0TiVuBQ,equation rational exponent example
bvglHQk-Ygs,welcome experience dot
BWfDKHHZR2A,dividing fraction
bXASilfcQVs,theorem find hypotenuse slant height
bxe2T-V8XRs,neural part data architecture
bxHbMiTTNag,hard geometry problem clever solution integer rectangle
bY0i9Kmuyt4,sketching logarithmic equation
by9-_95Zn08,area composite
BYmnweEPpMY,convert fraction decimal beginner lesson
BYRTvoZ3Rho,vote feat homomorphic encryption
BZxZ_eEuJBM,complex conjugate imaginary complex khan academy
b_uvofsYl9s,united
C-52AI_ojyQ,big billion
C0vUVK_o5r0,ex find height triangle given area even base
c2XVtFMiYok,time speed distance theory solve example san deep sir p education
c6-FJRda_Vc,proportionality constant direct variation rational expression algebra khan academy
C6kn6nXMWF0,exploring dimension
C82JyCmtKWg,generate pseudo random infinite series
c8jh-rruUAU,vector scalar physics
c9nUAXUSuII,number easiest transcendental clone corrected
cA6-tXehGFs,time speed distance trick relative speed g mat g cat bank po
CA8sbnH9eJE,simplify ing square root
CA9XLJpQp3c,math antic fraction part
CaasbfdJdJg,infinite fraction irrational number
cBBTWcHkVVY,information theory part error correction ham ming cod ing
cC0fZ_lkFpQ,math antic circle pi
CcrzyOqFmTU,common metric length kilometer centimeter millimeter grade math
cCsjKuvFKnw,triangle
Cd5C6YtP4dE,mid point formula finding mid point
CdtDU0nt4iQ,converting fraction decimal
Ce64D_yGDvY,length spiral helix cylinder
CE8UhcyJS0I,busy beaver
CecgFWTg9pQ,geometric series sequence series induction khan academy
CfBYGFm5gPA,mixed unlike denominator fraction prealgebra khan academy
CfJzrmS9UfY,math class
CHn_lLbnm8c,temperature conversion trick
CiH2_YJJCRs,graph ing parabola
cIVpemcoAlY,way remember entire unit circle trigonometry
CJ3mHDHOIOY,finding general formula nth octagonal number visual proof
CkVJ8xa63ow,prealgebra associative distributive multiplication
Cld0p3a43fU,brachistochrone steven
cLP7INqs3JM,introduction rational irrational algebra khan academy
ClYdw4d4OmA,introduction order operation arithmetic prealgebra khan academy
CMP9a2J4Bqw,squaring circle
co5sOgZ3XcM,sequence
cOcW9SIvP7w,amazing area ring puzzle napkin ring problem version problem
cr6W4O78Y6c,way introduce chain rule
ctC33JAV4FI,infinite
CUKDzC5f6B4,congruent figure geometry help
CWhcUea5GNc,sum trick
CwIAfkuXc5A,order chaos
cwnt4fB8KdI,volume sphere
Cxdyh7A4-Ho,formula dimensional
cyW5z-M2yzw,music measure theory
CzghDI_6Gqs,divisibility
d-_eqgj5-K8,distance area velocity time line physics khan academy
d0vY0CKYhPY,pi set
d0Z8wLLPNE0,double pendulum chaos butterfly effect computer simulation
D269kESwjNU,equivalent expression
D2xYjiL8yyE,rhapsody proof pi
d4KBMxwj5yQ,division wild exploration division multiplication machine
D6-lt-XgoG8,proportion see ratio proportion
d614Wg3EjqI,negative times positive negative tan ton mathematics
d6c6uIyieoo,riem ann hypothesis
d7rAlcNHDUI,unit price problem ratio proportion prealgebra khan academy
d8DAYzbmuBE,definition trapezoid geometry help
D8P5XsE0gfE,permutation n object taken r time
d9CROAHQhdQ,area triangle fun math problem
D9KDywbROHw,converting measurement metric distance made easy
d9pO2z2qvXU,rational irrational example algebra khan academy
DAcjV60RnRw,ever run new music
dAgfnK528RA,math antic order operation
DAikW24_O0A,percent word problem example decimal prealgebra khan academy
DArQTsH6Y1s,prove converse isosceles triangle theorem
DBSqdRmRyFs,median depth
DBV-R5it_Kw,algebraic expression term coefficient
dbxJ6LD0344,complex conjugate example imaginary complex khan academy
Dd81F6-Ar_0,one one million
DdK-QrYdLfQ,use protractor measure draw angle
Dgcoa2yAUfw,harmonic series
DGKwdHMiqCg,math antic angle basic
DHA4EkVyT4w,find union two set
DhPtIf-hpuU,six tri perfect
dHzUQnRjbuM,number card trick
DiBwg5cNP84,prealgebra converting fraction decimal
digoW9eIMw4,simple divisibility test alternating sum
DIjlllgq3dc,example lottery probability probability khan academy
dj1p_U4jPL0,long division teach
DK5Z709J2eo,math class infinity elephant
DKC74YKJpNY,algebra basic simplify ing polynomial math antic
DKh16Th8x6o,cube root negative number example prealgebra khan academy
DMtFhACPnTY,sha secure hash ing algorithm
dNRDvLACg5Q,
do_IbHId2Os,math antic convert fraction decimal
DqoWOjzjoe0,area circle
DRg2VCo8lP0,rectangle area product dimension counting unit square prealgebra khan academy
DrNns2fsRKw,understanding geometry line math
dsySragIVEk,natural base e natural logarithm l n
Dt5fi89gA-0,area triangle
DTUV5W0oh54,many gram pound
dTWKKvlZB08,golden proof
dTwZ5N126gw,example plotting simple inequality number line prealgebra khan academy
dUhleJQ6QV4,arithmetic mean v geometric mean inequality among mean visual proof
dux1TBAmndM,spiral visualization pattern prime
DuYgVVU_BwY,graph ing logarithmic function exponential logarithmic function algebra khan academy
DvCsRs6sSRQ,triangle congruence theorem
dvwf8DvNHT4,use difference quotient fraction
DvZnh7-nslo,solve bottle cube
dWXIx5Th86s,space diagonal
DxRdiShkw5I,numerator denominator g mat g cat bank po
DxxM4e2X-3s,multiplying decimal
DyG9S9nAlUM,array v linked list
dz5YpNFuhRQ,angle example
e0Fgyca6WCw,dimension minimize surface area cylinder
e0xJwdcpATM,number
e15GF1af6VA,leg geometric mean theorem
E2jyimV3qm4,aa condition similarity triangle
E2lGlZWoRr8,determine missing measure isosceles trapezoid
e4LuX48rD_k,prove theorem minute
e4MSN6IImpI,math class binary tree
e7JX4Rjk44g,plot fraction decimal number line convert fraction decimal
e7lbCq1ONtQ,algebra dividing complex multiplying
e7NU6yzr5dA,volume cuboid part
E9GpfHQcdBg,binomial distribution probability statistics
E9_d_ET9yjI,sin cos tan basic trigonometry working unknown sides
EbCnJjUzXX8,domain range
ebEkn-BiW5k,simp sons paradox
ECJfSyg_Obo,area rectangle geometry help
EcW-b-DrFWg,dividing negative
EDauz38xV9w,amazing dice roll
EedbUsApuos,exterior angle regular polygon
eEooTqhR7Js,logic behind construction perpendicular bisector line segment
eEQMNczG5K0,lesson dot
EfqVnj-sgcc,dichotomy paradox
EFVrAk61xjE,square root hundredth prealgebra khan academy
eFZOnAcuVLM,graph ing parabola w vertex intercept
egNI5ahmhsY,probability independent event
Ei54NnQ0FKs,law cosine determine grade trig example trigonometry khan academy
EIstpPXKWng,imaginary number sixty symbol
El7zOrCDzBs,dilation
eLR3zKxpcso,multiplying parabola
eMPspP_Rkio,mean median mode measure central tendency
ENIUcjdPO54,denominator conjugate
ENKH97PYssg,commutative law multiplication arithmetic prealgebra khan academy
eNrl-wBuPDg,measurement finding area perimeter rectangle mushroom
EnwWxMZVBeg,introduction radian unit circle definition trig function trigonometry khan academy
eQzKo-eNahA,alternate interior angle geometry help
eR_kQf-1fks,given two term find nth term geometric sequence
EsLgiffa9Cc,start new dozen al century
ET2LyLsCGQE,definition
eTDaJ4ebK28,inverse trig function arc cos trigonometry khan academy
EtM9p-Fojd8,similar figure
eTSVTTg_QZ4,rearrange formula isolate specific variable linear equation algebra khan academy
eV6iYvd4KS0,negative times negative positive part jam es tan ton
eVm063xmnow,math symbol come avid
EWs_1tp-1e4,channel capacity information theory
EYKMLUxtRGY,earthling
EZ6dOlRQDBo,relation exterior angle triangle interior angle
eZgzCVnmSvI,find slant asymptote rational function
Ez_-RwV9WVo,mid point formula analytic geometry geometry khan academy
F-wVOsbR1Zw,bearing math problem
f1yDExNAEMg,root deadly square
f3w7sD_S9w8,measure central tendency calculating data
F60TZWy4vIE,absolute value equation solution free math video
F6zcGSY15Vw,measure center
FCnNmUefrWA,lesson dot
fd-E18EqSVk,math antic rounding
fDMxOiS5g7k,equation variable sides equation
FEPXaoNVC-0,real reason multiplication multiplication works multiplication trick
ffLLmV4mZwU,algebra basic polynomial math antic
FGn2jtCjyvo,write fraction percentage
fh8gkPW_6g4,rounding whole example arithmetic prealgebra khan academy
FhSFkLhDANA,else topology stolen necklace
FI1pSWfBtvQ,teach converting kilogram gram algebra help
FI65V6MqETQ,sine cosine special acute angle
FJ5qLWP3Fqo,math antic multiplication p
fjMU-km-Cso,computer science
fjXj6asQSEk,gear mesh right
fJZv9YeQ-qQ,box whisker
fL9uRA0u-Mc,factor ing trinomial guess check
FMMZk9reas8,sum interior angle triangle proof paper cutting activity
FMYKfATSnoc,guess card works
fNk_zzaMoSs,vector even essence linear algebra chapter
fPcQn5G1PFA,introduction interior exterior angle triangle
FPNhCVZlbJs,converting decimal fraction linear equation algebra khan academy
Fqq10lt9X-M,combined dot
frBJEYvyd-8,absolute value number negative absolute value prealgebra khan academy
FrfFeUnunGk,known prime discovered
fs7fz3MLpC8,understanding logical statement
FsGYV2CL3Fc,finding measure angle given arc length radius
FThDfpFLT7A,convert recurring decimal
FXgV9ySNusc,polynomial division polynomial rational function algebra khan academy
fxTsG4qkz1U,volume cylinder
fyOKqQKpOvM,algebra area trapezoid
fYQ3GRSu4JU,rotation radian quadrant trigonometry khan academy
FYuA4AVoiiw,construct degree angle
F_0yfvm0UoU,e pi nontraditional take old version
f_uwKZIAeM0,machine learning
G-q2fvZuj0Q,take five continued fraction
G-T_6hCdMQc,basic trigonometry basic trigonometry trigonometry khan academy
g1zfBqtjh2g,basic transformation graph translation tan ton mathematics
g3LrOw1JMi8,domain range relation function graph algebra khan academy
G6J0lVp4YRQ,time speed distance concept part trick buy ing course
G7zT9MljJ3Y,fair dice part
G8cD5NMOMcs,fold split thing third math guy
g8E_aDYxj_U,statistics binomial distribution
gB9n2gHsHN4,typically self similar
gBbHym3y_NM,formula example
GbfIAJV4DnU,review corresponding alternate angle
GbQQcrwYHt0,evil geometry problem
GDcVdBAnBdU,proof rhombus diagonal perpendicular bisector quadrilateral geometry khan academy
GEId0GonOZM,difference inductive deductive reasoning khan academy
GEuyDHMG0jY,square head fast mental math trick
gGf7kFBzC48,graph quadratic find intercept vertex axis symmetry
ggH8cKcPOHI,quick mathematical card trick
Gh8h8MJFFdI,puzzle triangle square number
ghJH4CtbBT4,law tan ton mathematics
GiGLhXFBtRg,triangle median centroid special part triangle geometry khan academy
GilfgIkM6wI,triangle congruence statement write geometry
GIMMX55C9iU,finding quadrant angle example
gK9OgZ6eLx0,surface area cylinder
Gl-aQ-TBZZs,congruence transformation rotation
GlSt9M3v6ik,absolute value
gLWphGTjGHI,mixed
gmimpKjIgd4,odd even
GMnxIBReDfQ,even odd third grade math lesson
GMoqg_s4Dl4,example factor ing trinomial common factor algebra khan academy
GmS-p1S_t5E,two triangle congruent
gNhVocsgQiE,negative exponent
gNqmI0f16QI,finding area perimeter rectangle example
gO8jx3ljWqs,area circle circumference circle volume cylinder
GORkx4AAX_w,different type data
gryB2leF6e0,geometry triangle congruence
gS6TfWUv97I,lattice multiplication multiplication division arithmetic khan academy
gSEYtAjuZ-Y,create histogram data statistics grade khan academy
GSnf0E3t5CM,rotational
gsYEe-JxS5k,apply ing rule exponent basic example
GtaoP0skPWc,introduction interest interest debt finance capital market khan academy
GTwrVAbV56o,flex
GTx-rXTQg1o,rational root test theorem
GTZ4OzC1s1c,lesson binomial distribution probability tutor
Guf49aOi0SQ,condition similarity triangle
GvCfD-8vWM0,lesson dot
GvyMUkxDbcE,lo west common denominator p algebra help
gVzu1_12FUc,solid
GWtlt3Rq2SU,construct degree angle
GX-YdOykky4,graph ing rational function oblique slant asymptote vertical asymptote
gy8gmj7K7cQ,calculus integral
GyN-qpVfOWA,statistics match day
gzYk192apRw,mutually exclusive event pick card card
g_AMNnFEI_A,example simplify ing radical college algebra algebra
H-ykHosJW9c,introduction type quadrilateral grade khan academy
h0HcVonB_rQ,perpendicular bisector theorem
H18pyUN4U1M,polygon new york
H4akM87VZm8,angle shape instantly
h5XXu1tijXo,algebra simplify ing radical
h6OSBOdaLfI,natural logarithm given problem
h7ZAQfNh8XA,difference similar congruent figure
h9zUbWPqVpc,supplementary complementary angle
hB6bfw622fo,math
hbhh-9edn3c,waterproof theorem
HCC96awA-FM,decimal example decimal prealgebra khan academy
hcYYmpUIjQQ,multiplying binomial distributive property foil method
HdU_rf7eMTI,math antic long division divisor
hfSj6_pkDq4,calculus discontinuity
hhjujo8XFkA,construction perpendicular bisector geometry
HI5dTLL1r4c,type polygon geometry help
HIELx5sm5k0,cone
HjCWHwBk_vg,subtraction subtraction machine
hKkBlcnU9pw,absolute value negative absolute value prealgebra khan academy
HKQbhpIwjrU,graph ing cotangent function
HKQKjbdYNkA,measuring temperature degree
HlEx1TN-dqY,dividing decimal
hmnMmkGeKPs,math
HMpSKjK9clA,many human number body hair infinite series digital studio
HNlpx7v7T5g,anything power zero one
hPV9RZkeRq4,algebra solve compound inequality
hQl6BTmAUaU,series
hqr1DtXXHpY,complex introduction imaginary
hr3UtZJF_vE,multiplying dividing fraction word problem solve
HrRMnzANHHs,calculating hand
HSpSQQNVosA,example trigonometric function even odd neither example
Htza-E2dQSY,adjacent angle geometry help
HUti6vGctQM,correlation imply causation statistics misconception
hX-BsyXGyb8,central tendency mean median mode range
HxEQxS0QSwg,math antic percent missing total
HZVFRkEDvkQ,cubic volume rectangular prism grade math
i5dkilkfBv8,frequency introduction relative cumulative grouped classed frequency
I5zZMBzUZfk,area two curve calculus
I6hz8mhaRB0,understanding logical statement
I6TBBzIvgB8,factor ing algebraic expression distributive property algebra khan academy
i7idZfS8t8w,use quadratic formula polynomial rational function algebra khan academy
i8THsl3AYFI,formula finite geometric series sequence series induction khan academy
IaoZhhx_I9s,math antic polygon
IaQwWINzjtA,crossed ladder working together problem related harmonic mean
IBIJ6tUZKK0,construct ing incenter
IbNORo450e8,game theory cherry work n ba
IDpnNnjFB1c,subtract ing polynomial
Idxeo49szW0,inverse trig function arc tan trigonometry khan academy
IelS2vg7JO8,volume sphere perimeter area volume geometry khan academy
ieUvzy6rnnw,solar eclipse math cosmic coincidence saros cycle
IF0p1GhJE78,lesson dot
IFqna5F0kW8,proof induction example
IGlGvSXkRGI,chaos game chaos computer simulation
Igrkz1iVBXc,formula example
IHd8jiUF3Lk,converse contrapositive inverse statement
Ihws0d-WLzU,converting decimal fraction linear equation algebra khan academy
IHZwWFHWa-w,gradient descent neural learn deep learning chapter
II0cHJyEKX8,construct ing orthocenter triangle
IidwVzW4rTA,logarithm change base
IIQPHC5gZT8,scientific notation significant figure
IJ0EQCkJCTc,sum first n odd visual mathematics
ijbuU75wiVo,teach probability math education
IJhNPpOj7r8,construct circumcenter
Ilsu8o4O3r4,two surprising puzzle tan ton mathematics
imcooZyo4vE,double factorial
ineO1tIyPfM,pi infinite series digital studio
inlMrf2d-k4,quadrilateral geometric shape quadrilateral geometry khan academy
Ip3X9LOh2dk,determinant essence linear algebra chapter
iPLQgXUiU14,crack combination lock solution
IQ5TuVdtKNU,trigonometry sign trigonometric function
IQofiPqhJ_s,prime
IrvEHVn-fks,converting ounce ratio proportion prealgebra khan academy
iscAHyfe3Pg,multiplying decimal
IsvdlrVpQAo,absolute value equation solve learn algebra
itaMNuWLzJo,random v pseudo random number generator
iulx0z1lz8M,example quadratic formula quadratic equation algebra khan academy
iVvGbDr-7lQ,slope line
IvXgFLV2gOk,quadratic formula
IV_m_uZOUgI,statistics mean median mode
iwo7JReFTeg,bridge building
IwW0GJWKH98,math antic arithmetic
IxNb1WG_Ido,tattoo math
IYfoufW9RR0,geometric sequence series
izdZPx89ph4,imaginary number
i_0DXxNeaQ0,noise science mathematics sound frequency pitch
J0KKBJcSsFo,simplify ing cube root perfect harder example
J0_WUmh42do,cutting polygon half tan ton mathematics
j3-XYLnxJDY,area trapezoid perimeter area volume geometry khan academy
J51ncHP_BrY,napkin ring problem
j5jkWFy323U,interior angle regular polygon
J8rk1d2_Edw,complementary event basic concept
j9PXeNcoagw,awesomely evil test question game theory answer
jCBwHGtEV5M,machine
JdLQpdy3eDA,simplify ing radical high powered root
JEHejQphIYc,multiplying decimal example decimal prealgebra khan academy
JeVSmq1Nrpw,math antic percentage
jexMSlSDubM,polar parametric equation polar khan academy
jFazrvLodrA,connection even odd function algebra khan academy
jFd-6EPfnec,common factor factor multiple prealgebra khan academy
jfj63DWkggo,divide decimal mental math part sha ring division whole number divisor
JfqLblHox3o,missing measurement similar triangle
JGFSEj-oxq4,graph ing rational function example
JGU74wbZMLg,inverse trig function arc sin trigonometry khan academy
JgxkYThz-DA,lesson part finding polynomial
jJqE0MveYKM,factor ing great common factor example factor ing binomial
JJZDgjFRPXo,angle measured degree
jKFqAHfWw50,geometry triangle congruence
Jm5Xl8xy6Wc,thrown object follow quadratic path tan ton mathematics
jmIM5txH0oM,mental math trick addition subtraction head
JMjE9UTXioQ,addition addition traditional algorithm
JmyLeESQWGw,number line
JnEBO3OHaiA,knot roller
Jni7E2RH43s,unit circle manipulative unit circle definition trig function trigonometry khan academy
JNPnE9qwKHM,nine times table trick learn fast way
JnpqlXN9Whw,negative exponent exponent radical scientific notation prealgebra khan academy
jnxCLjgVY8Q,triangle inequality theorem
jPcBU0Z2Hj8,queen problem
JPlnjLLXe2M,personal polynomial deep dive
jrTnz37AboE,calculator fraction
JTHhJgecPS4,mean place value
JutzksM5PN4,introduction inverse trigonometric function
JuzIWhyNUcc,finding area rhombus
JUzYl1TYMcU,find common divisor algorithm
JVGSKnKwIsc,discriminant predict type solution quadratic equation example
JVrkLIcA2qw,theorem right triangle trigonometry geometry khan academy
JWFbKdnvpA4,arithmetic sequence
JXwNu5J_-TU,incenter triangle find compass geometry
jYf1kHEFAJ0,lesson calculating variance statistics
JykAGBSgCjY,radical equation
jyLRpr2P0MQ,circle radius diameter circumference pi geometry khan academy
JyxRH18YlpA,bit coin works
JZCD5r6WUvQ,intercept asymptote tangent function
K0Nqpf7Dcrc,product
K1h8Cy18NpM,multiplying polynomial distributive property
k1ZFZ3hTftg,frequency polygon
k37eIFf24fk,proving reflection property ellipse tan ton mathematics
k3aKKasOmIw,finding mean median mode descriptive statistics probability statistics khan academy
K50cNmV8cJE,math teacher global math project
k5etrWdIY6o,math antic point
K79w3OpKako,algebra scatter
Ka82QC4QvGA,quadrilateral overview perimeter area volume geometry khan academy
KCnbsR7nWyI,circle polygon g mat g cat bank po
kCW3v5RMTZg,volume rectangular prism cubic grade math
KDUJd_1eo8o,bit coin block chain
kG4Fh_PrN-E,weird dice
KG6ILNOiMgM,math antic decimal place value
KGMf314LUc0,math antic basic division
Kgudt4PXs28,last banana thought experiment probability
kISbq2p8ZOs,tec math order operation
kj_7Jc1mS9k,tackling enigma enigma problem part
Kkc9EEznhzU,recursive formula find first four term sequence
klkBxP3CZiE,volume surface area sphere g mat g cat bank po
KlqRk6Yzuu8,distributive property dot style
Km024eldY1A,many chess possible
kmVfZ9o-2gg,math antic percent equivalent fraction
kmzNfokSuHA,place value hundred thousand million billion
KNdUJQ_qd4U,math antic fraction
Kp2bYWRQylk,read math
Kpnad_I138Y,cube root number
KPZnoF0V9ZI,least common denominator math help
kQF9pOqmS0U,related application derivative p calculus b khan academy
KqFWHdaDyXM,remainder decimal trick g mat g cat bank po
KQqu0WnqvUA,lesson factor theorem day
kspg_cObO1s,volume cuboid part
Ktfo8D3cCr0,mathematician explain best way cut bagel
KtT_cgMzHx8,check intuition birthday problem avid
KTUVdXI2vng,crisis foundation mathematics infinite series
KTvQXspWhbM,remainder theorem example
KU-Mkz9PFOo,finding center circle tan ton mathematics
ku4KOFQ-bB4,introduction number system binary prealgebra khan academy
KUhdMbx5ges,review triangle special part triangle geometry khan academy
kuixY2bCc_0,multiplying matrices
kvLjpQ0XGao,fast multiplication number math
Kwdf-GeKJ_4,polynomial division base part
kwh4SD1ToFc,math antic decimal arithmetic
kWndpHMpUlY,logarithm finding number b
KxkMcZlohZg,algebra problem line math
KXyJX4LnbSU,permutation combination counting principle
KXZ6w91DioU,circumcenter triangle special part triangle geometry khan academy
k_wJsio68D4,unit circle tan trig example trigonometry khan academy
L-jh5fVhKuQ,different type angle
L02RYFevH-Q,machine
l2luO5eNKXc,zero factorial equal one tan ton mathematics
l3XzepN03KQ,algebra basic basic equation part math antic
l4j4XgVbuxc,algebra c artesian product ordered pair triple
L81vWvqGvJ8,permutation combination anagrams condition g mat g cat bank po
LDIiYKYvvdA,algebra basic equation math antic
LglTy96144c,cant divide zero easy way convince student involved
LGqBQrUYua4,math antic long division
Lh5APSELKBI,interior angle triangle complementary angle problem find angle
lI5NK7WKQOQ,angle bisector triangle
ljROszF_rqs,linear function example spending money linear equation function grade khan academy
lj_X9JVSF8k,arithmetic sequence formula n th term
lmVxsjIbJhE,area rectangular enclosure fixed perimeter optimization
lNjRyB0SNn0,near impossible matching match es card trick
LoaBd-sPzkU,perimeter area basic perimeter area volume geometry khan academy
lOIP_Z_-0Hs,math class spiral plant
lOWXZFP8Vuc,parallel equation example mathematics high school math khan academy
Lp6t3PyT-Cg,triangle g mat g cat bank po
LPgAK7whEuw,divisibility rule seven tan ton mathematics
LpuPe81bc2w,binary base system fast possible
lQK7ihLcdvc,odds evens g mat
LqKpkdRRLZw,conjecture color
LRaAxqQi42U,array area model standard algorithm silent animation
LsXKJkmPmZM,difference line line segment ray
lTJydnfGyyk,counter intuitive probability snake riddle
LU3R2JE5c_U,multiplying fraction
lubGnk0UZt0,ball cones
lvAYFUIEpFI,conic section ellipse conic section algebra khan academy
LvByEdtMm3o,shifting reflecting parent function graph
Lvr2YsxG10o,meaning percent decimal prealgebra khan academy
LWc8b_A6BPQ,congruence transformation translation
lwQsaYBPRbE,finding inverse function
lxjmR4pYIVU,finding common denominator fraction prealgebra khan academy
Lxk0OLUzhr0,zero raised zero th power
lxTQrsUip9g,graph ing linear two variable old video
lXwQEhu410c,fitting quadratics data mathematics jam es tan ton
lYLaaMObgkw,deductive reasoning sequence series induction khan academy
LzjaDKVC4iY,taxi cab
l_KW_pRkEzg,volume cone math help
m-5CDVdglp4,football physics symmetry
M-i9v9VfCrs,prime knot
M-Y0p8xmMf0,convert percentage value equivalent fractional value
m0txx9w_5Go,long division polynomial
m1CEt5vO6s0,use truth table counter example determine truth value statement
M23a_RLRrbs,trapezium
m2MIpDrF7Es,whats special number e essence calculus chapter
m4CjXk_b8zo,impossible problem
m5C8tIE2hv0,inscribe angle circle tangent
m5evLoL0xwg,three square geometry problem
m6A2a2K8h8U,compound algebra help
M7e-LByl_68,infinite cake anyone slow version
M7kEpw1tn50,encryption huge
m9Hf36rOhYc,binomial theorem tan ton mathematics
ma0qXCyxiQo,arc chord geometry help
mA2TT0NkRR0,centroid p patty paper
macM_MtS_w4,halting problem
MaSJk8_F500,equivalent ratio equivalent fraction
mAvuom42NyY,math antic addition
MaXfdPOheCA,surd radical basic multiplication made easy radical math
Mdqt5EknXBg,solve dice rolling drinking game
mDwN1SqnMRU,graph ing quadratic function example
MEuPzvh0roM,complex
MFytqBe7VDE,tangent cal led tangent trigonometry tan ton mathematics
MG6gdBqQoYA,lesson dot
mgx0kT5UbKk,c artesian system
mIStB5X4U8M,prime factor multiple prealgebra khan academy
MjAcASWqZS4,simplify ing expression multiple variable
Mkoc_TcPJAg,factor ing trinomial one variable
mkyZ45KQYi4,coin probability probability statistics khan academy
Ml8obLf4v08,formula example
mL91a26bsiY,geometry surface area volume sphere
mLeNaZcy-hE,math antic triangle
Mn5NodgWUgw,area square
MokI3Fi8jpc,meaning percent decimal prealgebra khan academy
MoMTm5QSKqI,array
MPYNEYeLYaQ,polygon
mqK63v2Jzks,golden ratio making math metal anthem
MqUWS4o_nkY,reverse cantor
mrsF0IZ17VI,fraction percent math help
Mst8iZjIpFE,math antic fraction decimal
mt6Nq0dzFjo,finding average speed rate ratio proportion prealgebra khan academy
mtH1fmUVkfE,understanding normal distribution statistics help
MtqtIiJsfiE,symmetry basic line symmetry
MV40meqda3o,radian
MvA2QP5r9Xw,divided cant divide zero
mvmuCPvRoWQ,formula introductory group theory
mxBoni8N70Y,graph ing linear function finding x intercept
mYg5gKlJjHc,geometric series
n-v6pmZzxL0,satisfying puzzle
N-Y0Kvcnw8g,math antic common denominator
N0chS7qYj0Y,add fraction
n0DLSIOYBsQ,trig identity unit circle trigonometry khan academy
N21Wh4Jqftc,example subtract ing fraction unlike denominator fraction prealgebra khan academy
N4kDzoQOngY,percent word problem example decimal prealgebra khan academy
n5L6pesFoUg,angle bisector
N5vJSNXPEwA,solve prisoner hat riddle
Na3s6Foqzcc,
NajQEiKFom4,dragon curve music
NaL_Cb42WyY,pi hi ding prime
nAxA97JG7gU,percentile percentile solve problem
NB8dr9FjuxQ,hard geometry puzzle simp sons
nBdWxsm6x5M,introduction fraction
nBHKHF7zfk8,volume v capacity introduction prism finding cross sectional area volume
NcADzGz3bSI,dividing long division remainder arithmetic khan academy
NECjlQYjo4s,construct ing regular hexagon ruler compass inside given circle
NFPrhLVCLms,acute right obtuse straight angle
nfrS95Ub23Y,multiplication wild exploration multiplication machine
nFS3uELWvOY,geometry introduction geometry level naming angle
NgbK43jB4rQ,four color map theorem
NGMRB4O922I,set
ngUyyFd86FQ,hall problem switching better finally understand
NGztSAt5kGQ,solve cube move notation part
NhB3NVwpmF0,rule trick calculate investment double
nhtUs6D0qUk,call algebra commentary
nI4o9pm7BsQ,pro mo video
NjCIq58rZ8I,partition
NjpFjLo0QQc,least common multiple trick
njqrSvGz8Ps,hall problem
nJqyr8h22nY,negative times negative positive part jam es tan ton
nK-6NfelUaE,teach area perimeter rectangle
NlHqdwTtcCY,difference concave convex polygon
nmaUyeKpwSM,decimal
nNpDIbmUvo4,multistage event construct ing probability tree
noDSyLzVz2g,random next bit
NoRjwZomUK0,squared square
NqbkvEK46xM,converting prealgebra khan academy
NQSN00zL5gg,subtract ing negative prealgebra khan academy
NsNaYwHtowA,math dilation p algebra help
Nu-lW-Ifyec,mystery
Nu6QUnlH79U,finding formula trigonometric graph ex
nUhdhAgz8q4,solve cube part
nUN4NDVIfVI,bridge last theorem
nUyLnjgGumg,square root second math trick
nWy2lz-xD-Q,interior angle isosceles triangle find unknown angle geometric relationship
NxbLXwXXp7Y,absolute value equation algebra help
NY2zWGBXBhU,z score statistics
NybHckSEQBI,algebra basic algebra math antic
nyDDXVVtd9s,de scribing end behavior limit notation
O-cawByg2aA,math antic circle circumference area
o-TWOYoxjUo,identify ing complementary supplementary angle
o-ZbdYVGehI,example factor ing fourth degree polynomial perfect form khan academy
O0KbymjE7xU,truth tables tautology contradiction
O2Z0YBv9aEo,multiply decimal
O3jvUZ8wvZs,example converting degree radian trigonometry khan academy
O4LVAGV8tok,graph theory radius diameter example
O4ndIDcDSGc,incompleteness theorem
o5cq9BA_hlE,central angle arc
o5HSxPQoY8g,lattice multiplication
o6KlpIWhbcw,math class triangle party
o6W6P8JZW0o,
O7hsq9de_40,adjacent angle
O7R63RW8iPw,conditional probability contingency tables statistics mike e p
O8ezDEk3qCg,quadratic formula song rock ford
O8fo4H_185g,finding slope line
O8uXcewZJlw,geometry measurement angle level measuring angle
O94fwp1E6Lg,sum angle quadrilateral
OAoLCXpao6s,math antic negative
oc0M1o8tuPo,indeterminate hidden power divided
OcD1Ujnjy-g,rhombus
odfhFSnLaaw,without word
oDoyv7wxqmU,finding arc length circle
OE2g2SgPC6s,finding perimeter theorem
oeSclkumBNY,geometric mean find
oFfef_cS9l8,profit revenue cost math problem
og9tGNJZf8Q,lesson dot
Ohp1PpzrRhE,excel regression part statistics help
oi2mrzVu0AE,calculus numerical derivative
oIV1zM8qlpk,proof opposite angle parallelogram congruent quadrilateral geometry khan academy
oJ7uOj2LRso,six solid
Ok1by1WmmUc,lesson dot
OKUVvAaCv_0,dividing fraction multiplying reciprocal tan ton mathematics
OLHqRt8GJJY,standard deviation formula tan ton mathematics
OmJ-4B-mS-Y,map mathematics
oNjNnfzuDC0,perfect tan ton mathematics
oPXGb6G3TDs,operation odd even division g mat g cat
oQhp3ndj28Y,e limit interest debt finance capital market khan academy
oR1ukNC1pvA,surface area rectangular prism
OrzMXc2Z5aw,polygon basic g mat g cat bank po
otIjqzKlnXc,distance formula find distance two point
otzb_GkRiqQ,finding interior exterior angle polygon
ov6z0RTlaW0,angle question spart g mat g cat bank po
OWq4UubK1FI,negative exponent
OXXrsxA4f_4,evaluate difference quotient
oydj9zMLjIE,absolute value
oYGvNlaxnbw,volume pyramid math help
o_SeNKNnaBw,area rectangle formula come silent solution
p-0SOWbzUYI,ultimate proof crazy contortion
P-oFpsQlt-A,probability independent event math help
p0ASFxKS9sg,information theory information entropy
P0idBBhGNgU,man knew infinity
P3TIC3ROf2I,long division
p4dJ1nkmAW0,proportional reasoning working ratio proportion
PaA-g_z_E2E,cones sphere act many cones take fill sphere
pAHdpFNcS6o,prove perpendicular bisector theorem
Pal-uS7onm4,probability union example
paQ10POrZh8,
Pcgvv6T_bD8,mat explain binomial coefficient choose function triangle
PEMIxDjSRTQ,
pFMR-WL41ew,factor ing rational root theorem
PgxIad4c1ZI,volume prism cylinder formula example
PhLc6B5WXtc,volume surface area cuboid g mat g cat bank po
PiPVl-U2tlw,answer mixed numeral improper fraction
Pj8Zh0A-uLU,physics scalar quantity vector quantity
pjFE00S6F2k,line best fit via least square tan ton mathematics
PJHtqMjrStk,square root number instantly short cut math
pLInn6DZvo4,area circle formula come silent solution
PMakVCTQYh8,roof shed similar triangle
PN-I6u-AxMg,infinite chess infinite series
pNp8Qf20-sA,imaginary real part complex function
PNYzQypZr-g,mid point geometry help
prh72BLNjIk,sha ring sequence ever
pSTa8a36RCU,folding circle ellipse
psvYu7S-8NU,find inverse state domain restriction
ptS2pAdBUjY,binomial probability
pUGx98S_i50,surd radical basic subtract ing made easy
puku5vUCOcE,ratio introduction ratio
PVM4UvrYRqo,area regular
PwDnpb_ZJvc,zero exponent radical scientific notation prealgebra khan academy
pxVAWYOe34c,law cosine
py5byOOHZM8,neural network everything
pyftYzmOwr4,area oblique triangle formula
pZccTYoL75k,investigating surface area cone area circle plus area circle
pZEmFSP3Z0I,math antic common denominator
PZOO7mIStnI,convert gram
p_Hqdqe84Uc,
Q33F9vyis1g,aside traditional subtraction algorithm
Q4ihOCocaVw,computer memory
q4vEI4mk8g0,dividing fraction
q5ozBnrd5Zc,new world record prime ever found
q8k-sS7qRts,verify ing trigonometric
q8n15q1v4Xo,perfect number proof
Q9vYvyvDzI8,volume composite shape
QAMXSU40ZgA,solve infinite fraction
qAs50nzzrP4,area trapezoid
qcuc3rgwZAE,block chain bit coin
qDc_-GTipBk,math antic working part
qdYx4qk2UHU,acute obtuse right angle
qEKNFOaGQcc,network mathematics rival faction infinite series
QF0y46WWavM,conditional probability
QFeG9CeeH88,strange change rotation
QFTDofic0Ek,converting vice
QgPfagOgOAc,congruence little theorem
qhbuKbxJsk8,times tables heart mathematics
QhDDpSju3uY,factorial surprising
qiNcEguuFSA,last theorem
QIO2F_R4btA,area rhombus geometry help
qJwecTgce6c,math antic volume
QJYmyhnaaek,possible triple visualize
QKHKD8bRAro,twin prime conjecture
QkU4FZN8MY0,condition similarity triangle
QLGATwUoAXA,formula volume sphere video tan ton mathematics
qmeW-vwrVRo,proving triangle congruent
qmfXyR7Z6Lk,math antic multiplying fraction
Qn8TuzrEeRo,quotient p algebra help
QncgmzH6yQU,draw perfect circle
qPRGtIlqpG8,learn multiplication times tables five minute
QR2vxfwiHAU,foci ellipse conic section algebra khan academy
qRFX_HK-6Ik,absolute value
QRS7wNhM78M,range
qrvcWgdkGi8,sum n visual approach
QRyi_q85RyQ,graph ing polynomial part tan ton mathematics
QSEKzFGpCQs,new known prime number
qSQyctFGMxc,global math week preview
QuX4XrmIsHQ,reciprocal transformation
QV9k6dRQQe4,cube combination
qVqGNIg2w7c,triangle
qWcfiPi9gUU,alpha go deep learning
QxboPshf__g,complex multiplying dividing polar form ex
QXoQbWoIiRE,physics density gravitation
QxVlJskOJAk,fraction common denominator
qYAdXm69l8g,calculating pi pendulum
qynN6pMCsj8,write non recurring decimal form p q part
qyTFvx_ZVOs,prealgebra converting decimal fraction
qZ736F8ljYU,math skill proof contradiction
R4OlXb9aTvQ,information theory part information entropy formula
r9dn0yqc1u8,
r9LYqfqssS0,rational equation ex
RAdTpC51nSE,radian arc length sector area tutorial
RaFyvZW6Epw,find
RbAaKAR5ErM,multiplying fraction
Rcb7ZUTOQ1I,circumference circle geometry grade khan academy
RCHe6fCHMuU,area polygon grid
rd8tbD2eekM,surface area right circular cone
rDLDGQMKT3M,imaginary
Re0s1NPZ4ek,math talk analytic geometry
rfG8ce4nNh0,integration fundamental theorem calculus essence calculus chapter
Rie6kF1UZD0,area rectangular enclosure fixed perimeter optimization
Rm6UdfRs3gw,compound interest introduction interest debt finance capital market khan academy
rR95Cbcjzus,math antic finding percent number
RrrYInyIEGo,algebra c artesian system
rRTXKQpblEc,area triangle intuition algebra high school math khan academy
RS6qmQXP8fc,remember unit circle
RSL8YA4LPXg,volume prism
RU0wScIj36o,charm space filling curve
rVF_08ItvOU,math puzzle chess problem
rVhU8Vyhz7c,tell rational number non recurring decimal
RvnGbWJzxAg,fitting exponential function data tan ton mathematics
RvtdDA4RgQE,trigonometry inverse trigonometric function part
RvtdJnYFNhc,percent decimal
RvvHn8-D2bc,prime factorization help us g mat g cat bank po
RVYwunbpMHA,math antic multiplication p
RWbLzSMe_Uw,formula surface area sphere video tan ton mathematics
rwDgfxTulpI,solve really hard grade math problem russia
rX8ZBP3nXvI,rate problem rational equation
rXZcYHVwkqI,know quadrilateral
RYlD3TElQyw,average mixture weighted average g mat g cat bank po
s0IOtwKMaEQ,volume cylinder formula come
S2ec2wpYJ_0,mind blowing brain teaser folding paper moon
S3IEeCyUWWA,algebra basic exponent algebra math antic
s4tS-ZmpJfw,symmetry reflection rotation
s6AOu2tqPQE,growth rate
s7NKLWXkEEE,plotting point plane
S9JGmA5_unY,secure bit security
S9qr06pc_sk,convert angle degree minute second radian form
SBvUMjuxf1o,operation reciprocal g mat g cat bank po
SCljAW5C-qY,band strip tan ton mathematics
sD0NjbwqlYw,riem ann hypothesis analytic continuation
SDkjRzWWBS4,multiplication wild exploration multiplication machine
Sdt2aQjGY_g,complementary event card example
seUU2bZtfgM,transcendental
SfbjqVyQljk,complex imaginary complex algebra khan academy
sg-7bRPt_fQ,radius chord diameter secant
SG1bGeP8OP8,math trick fast addition add faster calculator
sG_6nlMZ8f4,epic circle
shEk8sz1oOw,fundamental theorem algebra
siawhQBRC8I,paper calculator
SIHFCPoFbIs,geometry inscribe angle
sJVivjuMfWA,pi buff ons match es
SJWi7hM0Hbs,beautiful visualization sum first n hex animation
SL2lYcggGpc,trisect angle
Sl7E2m84Pf4,simplify ing determinant
slQu7igTMWU,equation quadratic formula
Smh41VANtVE,cones sphere act math task volume cone v sphere act
sOb9b_AtwDg,variance statistics learn variance formula calculating statistical variance
SP-YJe7Vldo,introduction complex imaginary complex khan academy
SpGFEwGm_Yg,probability two dice thrown example
SPM1gfc2fBE,sum exterior angle triangle property proof visual derivation
spUNpyF58BY,fou rier transform visual introduction
sQboO7dx3-4,dice tan ton mathematics
sskf3tF2heU,surface area math help
SSNA9gaAOVc,ordered pair solution equation graph ing slope algebra basic khan academy
ST2P6Sn3cuo,similar triangle corresponding sides angle
stgYW6M5o4k,random walk infinite series
sukb8ORaHr0,quadratic common mistake
sULa9Lc4pck,triangle power
swbSsQsrBRE,formula triangle tan ton mathematics
sWgHtiTSywc,convex concave polygon
Swm8tTLWirU,transcendental darts
SxMX18EniNw,lesson dot
SxP30euw3-0,random
SYM7YVcreMg,pigeon hole principle tan ton mathematics
SynLB0z7k2A,dot lesson
SZ5IGSDgpzk,orthocenter
S__1f78CnhM,rule compound interest
T-aCweuimis,parallel equation mathematics high school math khan academy
t-ZtoNhEYWQ,construct ing equilateral triangle
T0a92gEDukY,algebra distributive combining like term part
T23BbKHTH3o,geometry triangle congruence
t2qskEuDLRw,equiangular polygon sum
T5Qf0qSSJFI,math antic place value
T647CGsuOVU,imaginary real part introduction
T7_m8lT-ecc,prime composite
T971zHhZ3S4,hypotenuse right triangle inscribe circle circle geometry khan academy
tboUQp2tAxw,associative property multiplication
TD6lcIIOeic,binary math
TDXSE4s9b84,volume cone pyramid find formula
TeE-ypKj8ZI,binomial theorem example
TErJ-Yr67BI,proof diagonal parallelogram bisect quadrilateral geometry khan academy
TFCQW8M15mw,square solve quadratic equation example
tFhBAeZVTMw,area parallelogram perimeter area volume geometry khan academy
TFRHhcd986c,basketball shot parabola
thrx3SBEpL8,use binary
THwfbfFFgFg,lesson dot
tJ5sLuRorIM,de riving formula tan ton mathematics
tJP61g9atfU,flip inequality multiplying negative tan ton mathematics
tk2c7Bn2OH8,circumference perimeter circle made easy fast math lesson
tm-_6sFdfk8,similarity word problem geometry help
tnkPY4UqJ44,dividing fraction example fraction prealgebra khan academy
To_HvVM-ECE,surd radical basic made easy radical math
TpiVThfRl0I,set operation union
trOxUvdmDy8,converting metric summary
tsTItgnbqSk,logic behind construction degree angle
TTmkBrZYnJU,angle triangle
tuvwyrIbQ6Q,dividend divisor quotient
tvnOWIoeeaU,example factor ing difference square two variable algebra khan academy
Tvq2RbkQsTY,lesson dot
twrfyZPZkrQ,sieve prime adventure part
tWRwgokr5uI,central angle theorem
tY69D3PSmIk,lace knot trick
tYv-Pchyu0Y,perfect square trinomial
Tz7TQljoiM8,right circular cone
U-goOl49wRo,area rectangle
u2DLlNQiPB4,complexity theory p v n p visually
U33dsEcKgeQ,dollar game
u3dexXyyb3c,introduction distributive property
U6xJfP7-HCc,base
ua1K3Eo2PQc,heart last theorem
UbUdyE1_b9g,subtract ing fraction like denominator fraction prealgebra khan academy
UBuPWdSbyf8,unfolding dragon curve
Ub_z7ns4n60,different angle formed transversal intersect two
uC09taczvOo,decimal fraction number line decimal prealgebra khan academy
UCigSz7yQpc,parallel transversal
UClsMpLG_mg,equivalent set
udxwP26gTwA,unusual proof infinite series
uDzARGZQhjU,measure spread find inter quartile range
Ue1_s85G0JU,equivalent simplified fraction
UeG_EYd-0xw,commutative property addition arithmetic prealgebra khan academy
UEK-VqI1wGg,division polynomial made easy
Uf-Rl1e2I4Q,math antic percent
uf2ChRpFTZk,geometry theorem visualization proof
UfEiJJGv4CE,everywhere
UfUwTtaHyp8,find area rectangle easy way
UgiRvl6iJzc,application similar triangle
UH0HuxtBhEM,expression multiple variable
UH7KGc0hENE,kilometer beginner lesson grade
UHkueFmPC6s,finding sum finite arithmetic series
UkjgJQaGx98,finding graph
ukPjc3Oyad4,find area triangle grid geometry grade khan academy
ulg_AHBOIQU,n sa hack
UN0nOrs_4EY,skew geometry help
unSBFwK881s,introduction graph ing two variable linear algebra khan academy
UoLgHZAy6YE,finding volume cone
UPA3bwVVzGI,big infinity
UPmJ9_X2BbE,graph arc tan tangent inverse
UpUjJQGSlDY,logarithm introduction
UQ3a2QH_-GU,graph ing integer floor function
Uq9OXC0Gzgw,math fun many rectangle
uR70knMr2Hg,algebra diagram union intersection
uRkfAgQZAhY,algebra foil multiplying binomial
ut3stmfLS8c,set theory union intersection brief introduction
UtgAAy-XvCQ,converting minute second degree
UuxsRlnXm0M,algebra question degree
uv9Mgs-cUA0,algorithm jug filling tan ton mathematics
UvI-AMAtrvE,logic
uYtoJmfxD7k,ray geometry help
Uy_L8tnihDM,formula arithmetic series
Uz2LMtUUEGw,pi must die
U_q7R5JJvb4,integral always x
v-6MShC82ow,algebra basic distributive property math antic
v-pyuaThp-c,math class connect ing dot
V-Q6jBYn3Oc,synthetic division understand tan ton mathematics
v03ndkXqAPQ,lesson dot
V2N7-wOm9Zw,determine equation hyperbola ellipse parabola circle
V3e7m-qFDFU,determinant matrix
V3uNDe_i_1Y,card trick revealed
V6Xynlqc_tc,converting linear equation slope intercept form grade khan academy
V7mECV0M1ys,complex plane part
v8uXUIOKGYA,measurement area perimeter rectangle jar hot pepper
V8_AcKoL2Fs,many degree circle
vB4FuGmfEGY,event
VBinUUGwB2I,cosine cal led cosine
VbtNy54ya9A,video law
vCz_j47uK2U,exterior angle theorem triangle
vGuiy7NnJlM,triangle congruence theorem h l
VhokQhjl5t0,introduction function
vHYI93UV5Kg,graph ing trig function
vIl5F6uyMRQ,geometry triangle
vIsDjbhbADY,law mathematics detect fraud
ViuCmrmjDBA,function together
VjmFKle7xIw,law trig example trigonometry khan academy
vjOOhemquss,make post note dodecahedron
VkeSelRDlq8,area regular polygon pentagon term inradius
vKG6xNPQWHw,lesson dot
vkMXdShDdtY,gap
VMEV__2wW3E,deductive reasoning sequence series induction khan academy
vnEQcsQGmGo,exploring parallel transversal line corresponding angle
VnWRk0jk5JM,fraction ex
vo20OcefwHc,vertical asymptote v removable discontinuity
vpn8W_oqnyA,back basic math
VQQ11EIgk7U,polygon minimum maximum g mat g cat bank po
Vr1XlSra2uM,statistics probability odds
vrjeuvHQatA,greedy algorithm tan ton mathematics
VrkQKiCqryk,decay factor decay rate growth factor growth rate
VRV-HFvUVc8,different type decimal fraction
VRzH4xB0GdM,log tables
VsQ-OPIZ5kg,mathematical soul juggling
vstIoER3idM,lesson dot
Vtz32adSl1Q,episode fraction
Vu4x2DKn12g,probability v odds
vuoQ2CqgAeU,circumference circle
VWHHZAszbzQ,algebra factor ing trinomial
vwSqpaQMmcs,lesson dot
vxHrfIom-YA,genius test divisibility graph visualization
VZ0jG3W53nE,distributive property arithmetic
V_cybADpD4U,common factor fast method find
W-6hxPVzwA8,average age puzzle
w0jRJP-_7Us,simultaneous equation example solve
w1nlzDAVyzk,combination made easy
W1OkVkq2vFM,killing math mosquito es atomic proof root two prime
W21HgSUt8vI,ex anti derivative concept given information f x describe f x
W2Ghl33EdOs,find area trapezoid
w2M5CzTFYfI,rounding nearest grade khan academy
w4zqR7GhrqQ,math simp sons homer theorem
w7--f3Jf-vo,converting distance measurement
w8QIjk_2i2w,introduction rotational symmetry
w9jEq6dmqPg,identify ing ray introduction geometry geometry khan academy
w9Pj48Pn2XU,write decimal form p q
wA5HO-VIv5M,twin problem
wblW_M_HVQ8,proof induction sequence series induction khan academy
WBW32VvQr6E,problem value zeta two wall product tan ton mathematics
Wc5guJLDDqs,exploring exterior angle triangle visual symbolic example
WcN2IW5VI5U,solve cube part
wCyC-K_PnRY,dragon curve
Wf-HlVqZPHY,converting scientific notation example
wF2hUCrzT2g,lesson dot
wfemNvNXQKY,complementary supplementary angle geometric relationship
wgLUDw8eLB4,math simp sons paradox
WgW_KwtBvro,circumference circle
whYqhpc6S6g,proof without word circle
WipYqupv9wY,factor ing trinomial quadratic trinomial trial error
wJ8KH-oKd9I,multiplying decimal
WkmPDOq2WfA,folding space time
wkZgk7yT_Ww,volume surface area triangular prism
WlGuG_VZl5c,area perimeter composite figure
wNcFAQHJWAU,pi
wo7DSaPP8hQ,construct ing two step inequality linear algebra khan academy
wPZIa3SjPF0,quadrilateral find type exercise quadrilateral geometry khan academy
WqhlG3Vakw8,math antic theorem
wqnpSzEzq1w,another derivation sum infinite geometric series khan academy
WQo_F34vTj4,histogram
Wrr83QShcEk,fix wobbly furniture math guy
WRsAQpFoEg0,trigonometry law cosine
wSeqzw7SbPY,lesson matrix arithmetic part linear algebra
wShnYemIr28,solve linear equation variable sides linear algebra education
WT1ZqSx9Qdw,aside traditional addition algorithm
wuirukH_rg4,video use protractor
WUvTyaaNkzM,essence calculus chapter
wydlZ9lcEiQ,whats probability live odd house
WYijIV5JrKg,opposite infinity
W_t9m1MLamw,converting decimal fraction
x-Dqe5U1TXA,decimal place value decimal prealgebra khan academy
x-trHUobL2Q,
X-XayK70voA,surface area
x0IaGTzYogU,matrices
X1E7I7_r3Cw,
X40ft1Lt1f0,information theory part bit
x8-3OlB3G0M,harmonic series paradox tan ton mathematics
x8lx6AGnTXE,machine
X9mtb1j21to,generating triple tan ton mathematics
xa39G3aNPfo,trust opinion poll
xBJuf6Yvm3I,subtract ing negative
xC-fQ0KEzsM,distributive property exercise example arithmetic prealgebra khan academy
xCdxURXMdFY,math antic area
xcjgm6ctzAw,information theory part morse code
xdEn5tiIMpQ,find distance two point number line
XeCxmaIv588,polynomial multiplication base
xf4d6TqmV6U,math definition definition axis math
XFDM1ip5HdU,feel like invent math
XGbOiYhHY2c,math antic prime factorization
xGOQYTo9AKY,square quadratic equation
xjCnmPvcmOo,fractional exponent expression exponent expression equation algebra khan academy
XkY2DOUCWMU,matrix multiplication composition essence linear algebra chapter
XlQOipIVFPk,cutting strip half animated topology
xMj3jzFDZ38,primality test prime adventure part
XMJ72mtMn4Y,slope intercept equation two solution example algebra khan academy
xmjy-0TxgI8,graph ing natural logarithm function logarithm algebra khan academy
XMriWTvPXHI,mathematical secret triangle rate mi
Xmxs2wd_JDI,equivalent fraction math help
XnEqfTjp66A,prime made infinite series digital studio
xP0q3WOBRks,logic
xpk2mvZX2Ms,lawn fence fertilizer perimeter area unknown variable
xPVcgv99KQA,aside traditional long division algorithm
XS4xSytnAm8,halfway cylinder cone tan ton mathematics
XtSqJzZVnmk,angle formed two parallel cut transversal line
Xt_i0Y6c0Ww,hall problem switch door
xueJ4hH-lr0,absolute value equation example
xViupcHi8_Y,formula volume cone video tan ton mathematics
XwIs1nlDQ2I,green bean
xX1sqV1nSAQ,prealgebra converting decimal fraction
XXjlR2OK1kM,number law
XYUVqM7FDho,area triangle formula g mat g cat bank po
xyVJZKu7Euw,graph ing slope intercept form
xz6gBA0M9FY,area triangle geometry help
XZRQhkii0h0,introduction exponent prealgebra khan academy
y12Tt3bOmKA,let talk set
Y1V5mZaMfTk,fraction decimal decimal prealgebra khan academy
Y2-tz27nKoQ,converting fraction decimal example fraction prealgebra khan academy
y2RHWA7t0WM,us customary metric ratio proportion prealgebra khan academy
y3B2d7jZzrs,determine height trapezoid given area bases
y4B_EC5MNS8,inverse matrix
y5yNi08cr6I,parallel equation example mathematics high school math khan academy
Y6M89-6106I,math antic subtraction
Y6x06SBbEcA,rational equation
y8acoaakvPM,fifth root trick
y92Ea2vW5xc,algebra operation polynomial
y9IKpjK93rg,basic math dividing fraction
Yajonhixy4g,triangle equilateral
YB1XuQ1Pc5s,basic linear function
ybc2QAtsLw4,converting length
YboycCW1uNM,triangle g mat g cat bank po
YeGATHHzNPA,angle parallel
YG15m2VwSjA,chain rule product rule essence calculus chapter
ygey0KMxIIc,prism pyramid act many triangular pyramid take fill triangular prism
ygH-Y5YG5kE,find vertex parabola nancy pi
Yhlv5Aeuo_k,math sick number
yiREqzDsMP8,math antic quadrilateral
yIRFON453Cg,optimization maximum profit
YjGVFPtNTHw,volume cube math help
yk6wbvNPZW0,irrationality triangular square
yk8nCzniSeQ,math problem complete nought
YKfYBNpFJJ4,dividing decimal
Yl1aOD3CZbM,statistics find weighted mean
YlGbU21AcQM,area determinant
YLSvXcJiujg,equivalent ratio
ylwq3All8ho,four color problem
yMzNaqdxiZY,introduction deductive reasoning
yNFHFhJ6VS0,geometry puzzler measure arc
YNutS8eIhEs,volume sphere formula de riving algebraic formula animation
YokKp3pwVFc,area circle get formula
YOYQys52sPs,triangle area proof perimeter area volume geometry khan academy
ypp-ex99Sso,histogram
YQ4Kv6zdOe0,area dodecagon beautiful geometry visual mathematics
YqWatH0Cgaw,formula area triangle tan ton mathematics
Yr53Ji4SZDg,prism pyramid act many cones take fill cylinder
YS2K2SpvVIA,exterior angle theorem geometry help
ysV6iF3Rmjo,
Yu4eqwGFJK8,construct ing regular hexagon inscribe circle geometric construction geometry khan academy
yuIX6r4tEv8,word problem money change grade math
YvjkPF6C_LI,finding inverse x matrix determinant cofactor example
yVquId7xJQY,law
yvzyC4VBpUU,absolute value complex number imaginary complex khan academy
ywJifQBqdWg,solve linear equation solution
yYxzq_O18Mg,sum infinite geometric series ex
Yyz8CVXw7sk,corresponding alternate angle parallel
Yz5zC4XEYWg,step solve arithmetic sequence question
z0-1gBy1ykE,example converting radian degree trigonometry khan academy
z0pWasFTFnU,sampling review data statistics
z0XkRIG4Snw,use scientific calculator
z1iN_fD4UCg,absolute value
z37oW9fTqAY,correlation coefficient r
z3rUn1Urj4Y,conic section parabola part focus directrix
z400r4gCoU4,conic section ellipse sketch graph given equation
Z6cwpsDC_5A,conic section hyperbola introduction graph ing example
z8deq-zdaIg,theorem learn
z8vj8tUCkxY,radian degree conversion practice trigonometry khan academy
z8ZWlUamNPI,scary skull time
Za7G_eWKiF4,independent dependent probability event khan academy
zAHFNIjgm30,divisibility rule tan ton mathematics
zanbFvLN3Go,cal led chain rule
zDjJ-6sr7xI,converse
ZElOxG7_m3c,law cosine trig example trigonometry khan academy
ZfKTD5lvToE,perfect
ZgoIb3V48Ig,prove triangle theorem
ZiTGmF4LqhY,graph arc cos cosine inverse
ZKKDTfHcsG0,prime factorization factor multiple prealgebra khan academy
ZKwqNgG-Sv4,trust machine bit coin documentary
ZL79DZSYA8g,centroid paradox tan ton mathematics
zLzLxVeqdQg,formula poem
ZLzzb8XkhCk,divisibility work tan ton mathematics
zMkVUEPoz4k,exterior angle theorem high school eat two opposite interior angle add exterior angle
ZMLFfTX615w,example multiplying binomial binomial algebra khan academy
ZNiRzZ66YN0,calculating pi real
zPCljb4rpcQ,finding area sector
zPd21soIZw0,volume sphere
ZPv1UV0rD8U,tau v pi smack
ZQ-NRsWhOGI,factor quadratic equation
ZqbdVbkbrww,call algebra connect ing square
zqduFg0s5Q4,intuition gram measurement geometry grade khan academy
zR1_RSh0sgU,mental math trick instant doubling fast
ZtPsWriHwa8,quick arithmetic sequence
ZUQ44XHkTPU,construct ing circumcenter
zV7aDRMEt9U,isosceles triangle theorem
Zvg_ahjd9EI,hemisphere surface area formula
zwAD6dRSVyI,thinking outside box
ZWCXrbnMN-E,simple interest tutorial
zxKLbCWuGSQ,factor ing difference two square ex
Zxm4Xxvzohk,conditional probability visually theorem
zXoJlRFbktw,unsuccessful hunt parabola
zzPn-Op12Dc,probability two dice rolled
zzu2POfYv0Y,logarithm st eve kelly
zzyT6NiyeTI,similarity
_01wqwsb66E,finding common factor two monomial algebra khan academy
_0x7uCiC0Uc,algorithm
_1r7WVh2Zgc,use ruler measure inch es
_7sRiRxRhVQ,golden ratio
_9NGZH-uTWE,absolute value algebra help
_9Wvu-R04go,subset
_cooC3yG_p0,introduction arithmetic sequence sequence series induction khan academy
_DBllkBoErY,sin cos tan basic trigonometry example
_GkxCIW46to,fabulous flower formula
_jcW-ZgpRbM,math antic converting fraction
_JpwlTasQJ8,construct angle bisector
_n1126GoxbU,cook ie
_n3KZR1DSEo,math antic angle degree
_o0cIpLQApk,last theorem
_QTFeOvPcbY,rhombus diagonal quadrilateral geometry khan academy
_qvp9a1x2UM,useless number
_qyVzH3e1dY,factor ing difference two square ex
_s5RFgd59ao,everything formula
_WXndBGQnyI,molecular mass molecular weight chemistry khan academy
